kommunenummer,objtype,lokalid,oppdateringsdato,datauttaksdato,versjonid,opphav,samiskforvaltningsomrade,datafangstdato,navnerom,navn
"5405,Kommune,172718,,20191220110340,4.1,,false,,http://skjema.geonorge.no/SOSI/produktspesifikasjon/AdmEnheter/4.1,""[{""""rekkefolge"""":"""""""",""""sprak"""":""""nor"""",""""navn"""":""""Vadsø""""}]"""
"4625,Kommune,172926,,20191220110340,4.1,,false,,http://skjema.geonorge.no/SOSI/produktspesifikasjon/AdmEnheter/4.1,""[{""""rekkefolge"""":"""""""",""""sprak"""":""""nor"""",""""navn"""":""""Austevoll""""}]"""
"1848,Kommune,172744,,20191220110340,4.1,,false,,http://skjema.geonorge.no/SOSI/produktspesifikasjon/AdmEnheter/4.1,""[{""""rekkefolge"""":"""""""",""""sprak"""":""""nor"""",""""navn"""":""""Steigen""""}]"""
"1845,Kommune,172870,,20191220110340,4.1,,false,,http://skjema.geonorge.no/SOSI/produktspesifikasjon/AdmEnheter/4.1,""[{""""rekkefolge"""":"""""""",""""sprak"""":""""nor"""",""""navn"""":""""Sørfold""""}]"""
"5404,Kommune,173014,,20191220110340,4.1,,false,,http://skjema.geonorge.no/SOSI/produktspesifikasjon/AdmEnheter/4.1,""[{""""rekkefolge"""":"""""""",""""sprak"""":""""nor"""",""""navn"""":""""Vardø""""}]"""
"5443,Kommune,173053,,20191220110340,4.1,,false,,http://skjema.geonorge.no/SOSI/produktspesifikasjon/AdmEnheter/4.1,""[{""""rekkefolge"""":"""""""",""""sprak"""":""""nor"""",""""navn"""":""""Båtsfjord""""}]"""
"5435,Kommune,173051,,20191220110340,4.1,,false,,http://skjema.geonorge.no/SOSI/produktspesifikasjon/AdmEnheter/4.1,""[{""""rekkefolge"""":"""""""",""""sprak"""":""""nor"""",""""navn"""":""""Nordkapp""""}]"""
"5432,Kommune,172727,20070103000000,20191220110340,4.1,,false,,http://skjema.geonorge.no/SOSI/produktspesifikasjon/AdmEnheter/4.1,""[{""""rekkefolge"""":"""""""",""""sprak"""":""""nor"""",""""navn"""":""""Loppa""""}]"""
"5423,Kommune,172968,,20191220110340,4.1,,false,,http://skjema.geonorge.no/SOSI/produktspesifikasjon/AdmEnheter/4.1,""[{""""rekkefolge"""":"""""""",""""sprak"""":""""nor"""",""""navn"""":""""Karlsøy""""}]"""
"5401,Kommune,172967,,20191220110340,4.1,,false,,http://skjema.geonorge.no/SOSI/produktspesifikasjon/AdmEnheter/4.1,""[{""""rekkefolge"""":"""""""",""""sprak"""":""""nor"""",""""navn"""":""""Tromsø""""}]"""
"1857,Kommune,172971,,20191220110340,4.1,,false,,http://skjema.geonorge.no/SOSI/produktspesifikasjon/AdmEnheter/4.1,""[{""""rekkefolge"""":"""""""",""""sprak"""":""""nor"""",""""navn"""":""""Værøy""""}]"""
"1811,Kommune,172995,,20191220110341,4.1,,false,,http://skjema.geonorge.no/SOSI/produktspesifikasjon/AdmEnheter/4.1,""[{""""rekkefolge"""":"""""""",""""sprak"""":""""nor"""",""""navn"""":""""Bindal""""}]"""
"4633,Kommune,172880,,20191220110341,4.1,,false,,http://skjema.geonorge.no/SOSI/produktspesifikasjon/AdmEnheter/4.1,""[{""""rekkefolge"""":"""""""",""""sprak"""":""""nor"""",""""navn"""":""""Fedje""""}]"""
"5421,Kommune,172809172808172990172806,20190304000000,20191220110340,4.1,,false,,http://skjema.geonorge.no/SOSI/produktspesifikasjon/AdmEnheter/4.1,""[{""""rekkefolge"""":"""""""",""""sprak"""":""""nor"""",""""navn"""":""""Senja""""}]"""
"1871,Kommune,172978,,20191220110340,4.1,,false,,http://skjema.geonorge.no/SOSI/produktspesifikasjon/AdmEnheter/4.1,""[{""""rekkefolge"""":"""""""",""""sprak"""":""""nor"""",""""navn"""":""""Andøy""""}]"""
"1505,Kommune,173062,20080101000000,20191220110341,4.1,,false,,http://skjema.geonorge.no/SOSI/produktspesifikasjon/AdmEnheter/4.1,""[{""""rekkefolge"""":"""""""",""""sprak"""":""""nor"""",""""navn"""":""""Kristiansund""""}]"""
"3435,Kommune,172840,,20191220110346,4.1,,false,,http://skjema.geonorge.no/SOSI/produktspesifikasjon/AdmEnheter/4.1,""[{""""rekkefolge"""":"""""""",""""sprak"""":""""nor"""",""""navn"""":""""Vågå""""}]"""
"1865,Kommune,172759,,20191220110340,4.1,,false,,http://skjema.geonorge.no/SOSI/produktspesifikasjon/AdmEnheter/4.1,""[{""""rekkefolge"""":"""""""",""""sprak"""":""""nor"""",""""navn"""":""""Vågan""""}]"""
"4613,Kommune,173098,,20191220110341,4.1,,false,,http://skjema.geonorge.no/SOSI/produktspesifikasjon/AdmEnheter/4.1,""[{""""rekkefolge"""":"""""""",""""sprak"""":""""nor"""",""""navn"""":""""Bømlo""""}]"""
"1106,Kommune,173100,,20191220110341,4.1,,false,,http://skjema.geonorge.no/SOSI/produktspesifikasjon/AdmEnheter/4.1,""[{""""rekkefolge"""":"""""""",""""sprak"""":""""nor"""",""""navn"""":""""Haugesund""""}]"""
"1828,Kommune,172735,,20191220110341,4.1,,false,,http://skjema.geonorge.no/SOSI/produktspesifikasjon/AdmEnheter/4.1,""[{""""rekkefolge"""":"""""""",""""sprak"""":""""nor"""",""""navn"""":""""Nesna""""}]"""
"4630,Kommune,172673,,20191220110341,4.1,,false,,http://skjema.geonorge.no/SOSI/produktspesifikasjon/AdmEnheter/4.1,""[{""""rekkefolge"""":"""""""",""""sprak"""":""""nor"""",""""navn"""":""""Osterøy""""}]"""
"3412,Kommune,172675,,20191220110342,4.1,,false,,http://skjema.geonorge.no/SOSI/produktspesifikasjon/AdmEnheter/4.1,""[{""""rekkefolge"""":"""""""",""""sprak"""":""""nor"""",""""navn"""":""""Løten""""}]"""
"3823,Kommune,172676,20000630000000,20191220110342,4.1,,false,,http://skjema.geonorge.no/SOSI/produktspesifikasjon/AdmEnheter/4.1,""[{""""rekkefolge"""":"""""""",""""sprak"""":""""nor"""",""""navn"""":""""Fyresdal""""}]"""
"3019,Kommune,172677,,20191220110342,4.1,,false,,http://skjema.geonorge.no/SOSI/produktspesifikasjon/AdmEnheter/4.1,""[{""""rekkefolge"""":"""""""",""""sprak"""":""""nor"""",""""navn"""":""""Vestby""""}]"""
"3039,Kommune,172678,20000630000000,20191220110342,4.1,,false,,http://skjema.geonorge.no/SOSI/produktspesifikasjon/AdmEnheter/4.1,""[{""""rekkefolge"""":"""""""",""""sprak"""":""""nor"""",""""navn"""":""""Flå""""}]"""
"3812,Kommune,172682,20000630000000,20191220110342,4.1,,false,,http://skjema.geonorge.no/SOSI/produktspesifikasjon/AdmEnheter/4.1,""[{""""rekkefolge"""":"""""""",""""sprak"""":""""nor"""",""""navn"""":""""Siljan""""}]"""
"5434,Kommune,172715,,20191220110343,4.1,,false,,http://skjema.geonorge.no/SOSI/produktspesifikasjon/AdmEnheter/4.1,""[{""""rekkefolge"""":"""""""",""""sprak"""":""""nor"""",""""navn"""":""""Måsøy""""}]"""
"3043,Kommune,172721,20000630000000,20191220110343,4.1,,false,,http://skjema.geonorge.no/SOSI/produktspesifikasjon/AdmEnheter/4.1,""[{""""rekkefolge"""":"""""""",""""sprak"""":""""nor"""",""""navn"""":""""Ål""""}]"""
"1149,Kommune,173080,,20191220110341,4.1,,false,,http://skjema.geonorge.no/SOSI/produktspesifikasjon/AdmEnheter/4.1,""[{""""rekkefolge"""":"""""""",""""sprak"""":""""nor"""",""""navn"""":""""Karmøy""""}]"""
"1151,Kommune,173095,,20191220110341,4.1,,false,,http://skjema.geonorge.no/SOSI/produktspesifikasjon/AdmEnheter/4.1,""[{""""rekkefolge"""":"""""""",""""sprak"""":""""nor"""",""""navn"""":""""Utsira""""}]"""
"1101,Kommune,173102,,20191220110341,4.1,,false,,http://skjema.geonorge.no/SOSI/produktspesifikasjon/AdmEnheter/4.1,""[{""""rekkefolge"""":"""""""",""""sprak"""":""""nor"""",""""navn"""":""""Eigersund""""}]"""
"4207,Kommune,173103,,20191220110341,4.1,,false,,http://skjema.geonorge.no/SOSI/produktspesifikasjon/AdmEnheter/4.1,""[{""""rekkefolge"""":"""""""",""""sprak"""":""""nor"""",""""navn"""":""""Flekkefjord""""}]"""
"3805,Kommune,172987172681,,20191220110341,4.1,,false,,http://skjema.geonorge.no/SOSI/produktspesifikasjon/AdmEnheter/4.1,""[{""""rekkefolge"""":"""""""",""""sprak"""":""""nor"""",""""navn"""":""""Larvik""""}]"""
"3052,Kommune,172722,20000630000000,20191220110343,4.1,,false,,http://skjema.geonorge.no/SOSI/produktspesifikasjon/AdmEnheter/4.1,""[{""""rekkefolge"""":"""""""",""""sprak"""":""""nor"""",""""navn"""":""""Nore og Uvdal""""}]"""
"4620,Kommune,172723,20000630000000,20191220110343,4.1,,false,,http://skjema.geonorge.no/SOSI/produktspesifikasjon/AdmEnheter/4.1,""[{""""rekkefolge"""":"""""""",""""sprak"""":""""nor"""",""""navn"""":""""Ulvik""""}]"""
"1516,Kommune,172688,,20191220110342,4.1,,false,,http://skjema.geonorge.no/SOSI/produktspesifikasjon/AdmEnheter/4.1,""[{""""rekkefolge"""":"""""""",""""sprak"""":""""nor"""",""""navn"""":""""Ulstein""""}]"""
"3032,Kommune,172693,,20191220110342,4.1,,false,,http://skjema.geonorge.no/SOSI/produktspesifikasjon/AdmEnheter/4.1,""[{""""rekkefolge"""":"""""""",""""sprak"""":""""nor"""",""""navn"""":""""Gjerdrum""""}]"""
"3001,Kommune,172695,,20191220110343,4.1,,false,,http://skjema.geonorge.no/SOSI/produktspesifikasjon/AdmEnheter/4.1,""[{""""rekkefolge"""":"""""""",""""sprak"""":""""nor"""",""""navn"""":""""Halden""""}]"""
"3407,Kommune,172699,,20191220110343,4.1,,false,,http://skjema.geonorge.no/SOSI/produktspesifikasjon/AdmEnheter/4.1,""[{""""rekkefolge"""":"""""""",""""sprak"""":""""nor"""",""""navn"""":""""Gjøvik""""}]"""
"3441,Kommune,172703,,20191220110343,4.1,,false,,http://skjema.geonorge.no/SOSI/produktspesifikasjon/AdmEnheter/4.1,""[{""""rekkefolge"""":"""""""",""""sprak"""":""""nor"""",""""navn"""":""""Gausdal""""}]"""
"3028,Kommune,172708,,20191220110343,4.1,,false,,http://skjema.geonorge.no/SOSI/produktspesifikasjon/AdmEnheter/4.1,""[{""""rekkefolge"""":"""""""",""""sprak"""":""""nor"""",""""navn"""":""""Enebakk""""}]"""
"3429,Kommune,172726,,20191220110344,4.1,,false,,http://skjema.geonorge.no/SOSI/produktspesifikasjon/AdmEnheter/4.1,""[{""""rekkefolge"""":"""""""",""""sprak"""":""""nor"""",""""navn"""":""""Folldal""""}]"""
"3813,Kommune,172729,20000630000000,20191220110344,4.1,,false,,http://skjema.geonorge.no/SOSI/produktspesifikasjon/AdmEnheter/4.1,""[{""""rekkefolge"""":"""""""",""""sprak"""":""""nor"""",""""navn"""":""""Bamble""""}]"""
"5420,Kommune,172732,,20191220110344,4.1,,false,,http://skjema.geonorge.no/SOSI/produktspesifikasjon/AdmEnheter/4.1,""[{""""rekkefolge"""":"""""""",""""sprak"""":""""nor"""",""""navn"""":""""Dyrøy""""}]"""
"5413,Kommune,172733,,20191220110344,4.1,,false,,http://skjema.geonorge.no/SOSI/produktspesifikasjon/AdmEnheter/4.1,""[{""""rekkefolge"""":"""""""",""""sprak"""":""""nor"""",""""navn"""":""""Ibestad""""}]"""
"1839,Kommune,172734,,20191220110344,4.1,,false,,http://skjema.geonorge.no/SOSI/produktspesifikasjon/AdmEnheter/4.1,""[{""""rekkefolge"""":"""""""",""""sprak"""":""""nor"""",""""navn"""":""""Beiarn""""}]"""
"1834,Kommune,172736,,20191220110344,4.1,,false,,http://skjema.geonorge.no/SOSI/produktspesifikasjon/AdmEnheter/4.1,""[{""""rekkefolge"""":"""""""",""""sprak"""":""""nor"""",""""navn"""":""""Lurøy""""}]"""
"5031,Kommune,172738,,20191220110344,4.1,,false,,http://skjema.geonorge.no/SOSI/produktspesifikasjon/AdmEnheter/4.1,""[{""""rekkefolge"""":"""""""",""""sprak"""":""""nor"""",""""navn"""":""""Malvik""""}]"""
"1837,Kommune,172741,,20191220110344,4.1,,false,,http://skjema.geonorge.no/SOSI/produktspesifikasjon/AdmEnheter/4.1,""[{""""rekkefolge"""":"""""""",""""sprak"""":""""nor"""",""""navn"""":""""Meløy""""}]"""
"4628,Kommune,172745,,20191220110344,4.1,,false,,http://skjema.geonorge.no/SOSI/produktspesifikasjon/AdmEnheter/4.1,""[{""""rekkefolge"""":"""""""",""""sprak"""":""""nor"""",""""navn"""":""""Vaksdal""""}]"""
"4646,Kommune,172748,,20191220110344,4.1,,false,,http://skjema.geonorge.no/SOSI/produktspesifikasjon/AdmEnheter/4.1,""[{""""rekkefolge"""":"""""""",""""sprak"""":""""nor"""",""""navn"""":""""Fjaler""""}]"""
"3816,Kommune,172749,20000630000000,20191220110344,4.1,,false,,http://skjema.geonorge.no/SOSI/produktspesifikasjon/AdmEnheter/4.1,""[{""""rekkefolge"""":"""""""",""""sprak"""":""""nor"""",""""navn"""":""""Nome""""}]"""
"4640,Kommune,172754172895172896,20190301000000,20191220110344,4.1,,false,,http://skjema.geonorge.no/SOSI/produktspesifikasjon/AdmEnheter/4.1,""[{""""rekkefolge"""":"""""""",""""sprak"""":""""nor"""",""""navn"""":""""Sogndal""""}]"""
"1531,Kommune,172755,,20191220110344,4.1,,false,,http://skjema.geonorge.no/SOSI/produktspesifikasjon/AdmEnheter/4.1,""[{""""rekkefolge"""":"""""""",""""sprak"""":""""nor"""",""""navn"""":""""Sula""""}]"""
"3434,Kommune,172842,,20191220110347,4.1,,false,,http://skjema.geonorge.no/SOSI/produktspesifikasjon/AdmEnheter/4.1,""[{""""rekkefolge"""":"""""""",""""sprak"""":""""nor"""",""""navn"""":""""Lom""""}]"""
"1822,Kommune,172889,,20191220110356,4.1,,false,,http://skjema.geonorge.no/SOSI/produktspesifikasjon/AdmEnheter/4.1,""[{""""rekkefolge"""":"""""""",""""sprak"""":""""nor"""",""""navn"""":""""Leirfjord""""}]"""
"5028,Kommune,172997,,20191220110356,4.1,,false,,http://skjema.geonorge.no/SOSI/produktspesifikasjon/AdmEnheter/4.1,""[{""""rekkefolge"""":"""""""",""""sprak"""":""""nor"""",""""navn"""":""""Melhus""""}]"""
"5046,Kommune,172930,,20191220110403,4.1,,false,,http://skjema.geonorge.no/SOSI/produktspesifikasjon/AdmEnheter/4.1,""[{""""rekkefolge"""":"""""""",""""sprak"""":""""nor"""",""""navn"""":""""Høylandet""""}]"""
"3436,Kommune,172937,,20191220110403,4.1,,false,,http://skjema.geonorge.no/SOSI/produktspesifikasjon/AdmEnheter/4.1,""[{""""rekkefolge"""":"""""""",""""sprak"""":""""nor"""",""""navn"""":""""Nord-Fron""""}]"""
"3438,Kommune,172938,,20191220110404,4.1,,false,,http://skjema.geonorge.no/SOSI/produktspesifikasjon/AdmEnheter/4.1,""[{""""rekkefolge"""":"""""""",""""sprak"""":""""nor"""",""""navn"""":""""Sør-Fron""""}]"""
"5056,Kommune,172756172939,,20191220110344,4.1,,false,,http://skjema.geonorge.no/SOSI/produktspesifikasjon/AdmEnheter/4.1,""[{""""rekkefolge"""":"""""""",""""sprak"""":""""nor"""",""""navn"""":""""Hitra""""}]"""
"4616,Kommune,172760,,20191220110344,4.1,,false,,http://skjema.geonorge.no/SOSI/produktspesifikasjon/AdmEnheter/4.1,""[{""""rekkefolge"""":"""""""",""""sprak"""":""""nor"""",""""navn"""":""""Tysnes""""}]"""
"4622,Kommune,172761,,20191220110344,4.1,,false,,http://skjema.geonorge.no/SOSI/produktspesifikasjon/AdmEnheter/4.1,""[{""""rekkefolge"""":"""""""",""""sprak"""":""""nor"""",""""navn"""":""""Kvam""""}]"""
"3022,Kommune,172763,,20191220110344,4.1,,false,,http://skjema.geonorge.no/SOSI/produktspesifikasjon/AdmEnheter/4.1,""[{""""rekkefolge"""":"""""""",""""sprak"""":""""nor"""",""""navn"""":""""Frogn""""}]"""
"4218,Kommune,172765,,20191220110344,4.1,,false,,http://skjema.geonorge.no/SOSI/produktspesifikasjon/AdmEnheter/4.1,""[{""""rekkefolge"""":"""""""",""""sprak"""":""""nor"""",""""navn"""":""""Iveland""""}]"""
"5036,Kommune,172789,,20191220110345,4.1,,false,,http://skjema.geonorge.no/SOSI/produktspesifikasjon/AdmEnheter/4.1,""[{""""rekkefolge"""":"""""""",""""sprak"""":""""nor"""",""""navn"""":""""Frosta""""}]"""
"3018,Kommune,172792,20030630000000,20191220110345,4.1,,false,,http://skjema.geonorge.no/SOSI/produktspesifikasjon/AdmEnheter/4.1,""[{""""rekkefolge"""":"""""""",""""sprak"""":""""nor"""",""""navn"""":""""Våler""""}]"""
"3814,Kommune,172803,20000630000000,20191220110345,4.1,,false,,http://skjema.geonorge.no/SOSI/produktspesifikasjon/AdmEnheter/4.1,""[{""""rekkefolge"""":"""""""",""""sprak"""":""""nor"""",""""navn"""":""""Kragerø""""}]"""
"4641,Kommune,172874,,20191220110347,4.1,,false,,http://skjema.geonorge.no/SOSI/produktspesifikasjon/AdmEnheter/4.1,""[{""""rekkefolge"""":"""""""",""""sprak"""":""""nor"""",""""navn"""":""""Aurland""""}]"""
"3044,Kommune,172875,20000630000000,20191220110347,4.1,,false,,http://skjema.geonorge.no/SOSI/produktspesifikasjon/AdmEnheter/4.1,""[{""""rekkefolge"""":"""""""",""""sprak"""":""""nor"""",""""navn"""":""""Hol""""}]"""
"1827,Kommune,172770,,20191220110344,4.1,,false,,http://skjema.geonorge.no/SOSI/produktspesifikasjon/AdmEnheter/4.1,""[{""""rekkefolge"""":"""""""",""""sprak"""":""""nor"""",""""navn"""":""""Dønna""""}]"""
"4635,Kommune,172773,,20191220110344,4.1,,false,,http://skjema.geonorge.no/SOSI/produktspesifikasjon/AdmEnheter/4.1,""[{""""rekkefolge"""":"""""""",""""sprak"""":""""nor"""",""""navn"""":""""Gulen""""}]"""
"4629,Kommune,172774,,20191220110345,4.1,,false,,http://skjema.geonorge.no/SOSI/produktspesifikasjon/AdmEnheter/4.1,""[{""""rekkefolge"""":"""""""",""""sprak"""":""""nor"""",""""navn"""":""""Modalen""""}]"""
"1833,Kommune,172776,,20191220110345,4.1,,false,,http://skjema.geonorge.no/SOSI/produktspesifikasjon/AdmEnheter/4.1,""[{""""rekkefolge"""":"""""""",""""sprak"""":""""nor"""",""""navn"""":""""Rana""""}]"""
"5031,Kommune,172780,,20191220110345,4.1,,false,,http://skjema.geonorge.no/SOSI/produktspesifikasjon/AdmEnheter/4.1,""[{""""rekkefolge"""":"""""""",""""sprak"""":""""nor"""",""""navn"""":""""Malvik""""}]"""
"5042,Kommune,172819,,20191220110345,4.1,,false,,http://skjema.geonorge.no/SOSI/produktspesifikasjon/AdmEnheter/4.1,""[{""""rekkefolge"""":"""""""",""""sprak"""":""""nor"""",""""navn"""":""""Lierne""""}]"""
"5029,Kommune,172824,,20191220110345,4.1,,false,,http://skjema.geonorge.no/SOSI/produktspesifikasjon/AdmEnheter/4.1,""[{""""rekkefolge"""":"""""""",""""sprak"""":""""nor"""",""""navn"""":""""Skaun""""}]"""
"1804,Kommune,172826,,20191220110345,4.1,,false,,http://skjema.geonorge.no/SOSI/produktspesifikasjon/AdmEnheter/4.1,""[{""""rekkefolge"""":"""""""",""""sprak"""":""""nor"""",""""navn"""":""""Bodø""""}]"""
"3433,Kommune,172781,,20191220110345,4.1,,false,,http://skjema.geonorge.no/SOSI/produktspesifikasjon/AdmEnheter/4.1,""[{""""rekkefolge"""":"""""""",""""sprak"""":""""nor"""",""""navn"""":""""Skjåk""""}]"""
"3820,Kommune,172782,20000630000000,20191220110345,4.1,,false,,http://skjema.geonorge.no/SOSI/produktspesifikasjon/AdmEnheter/4.1,""[{""""rekkefolge"""":"""""""",""""sprak"""":""""nor"""",""""navn"""":""""Seljord""""}]"""
"4642,Kommune,172785,,20191220110345,4.1,,false,,http://skjema.geonorge.no/SOSI/produktspesifikasjon/AdmEnheter/4.1,""[{""""rekkefolge"""":"""""""",""""sprak"""":""""nor"""",""""navn"""":""""Lærdal""""}]"""
"1824,Kommune,172827,,20191220110345,4.1,,false,,http://skjema.geonorge.no/SOSI/produktspesifikasjon/AdmEnheter/4.1,""[{""""rekkefolge"""":"""""""",""""sprak"""":""""nor"""",""""navn"""":""""Vefsn""""}]"""
"3430,Kommune,172834,20050701000000,20191220110346,4.1,,false,,http://skjema.geonorge.no/SOSI/produktspesifikasjon/AdmEnheter/4.1,""[{""""rekkefolge"""":"""""""",""""sprak"""":""""nor"""",""""navn"""":""""Os""""}]"""
"3440,Kommune,172835,,20191220110346,4.1,,false,,http://skjema.geonorge.no/SOSI/produktspesifikasjon/AdmEnheter/4.1,""[{""""rekkefolge"""":"""""""",""""sprak"""":""""nor"""",""""navn"""":""""Øyer""""}]"""
"3054,Kommune,172836,,20191220110346,4.1,,false,,http://skjema.geonorge.no/SOSI/produktspesifikasjon/AdmEnheter/4.1,""[{""""rekkefolge"""":"""""""",""""sprak"""":""""nor"""",""""navn"""":""""Lunner""""}]"""
"3420,Kommune,172837,,20191220110346,4.1,,false,,http://skjema.geonorge.no/SOSI/produktspesifikasjon/AdmEnheter/4.1,""[{""""rekkefolge"""":"""""""",""""sprak"""":""""nor"""",""""navn"""":""""Elverum""""}]"""
"3421,Kommune,172838,,20191220110346,4.1,,false,,http://skjema.geonorge.no/SOSI/produktspesifikasjon/AdmEnheter/4.1,""[{""""rekkefolge"""":"""""""",""""sprak"""":""""nor"""",""""navn"""":""""Trysil""""}]"""
"4644,Kommune,172839,,20191220110346,4.1,,false,,http://skjema.geonorge.no/SOSI/produktspesifikasjon/AdmEnheter/4.1,""[{""""rekkefolge"""":"""""""",""""sprak"""":""""nor"""",""""navn"""":""""Luster""""}]"""
"4615,Kommune,172848,,20191220110347,4.1,,false,,http://skjema.geonorge.no/SOSI/produktspesifikasjon/AdmEnheter/4.1,""[{""""rekkefolge"""":"""""""",""""sprak"""":""""nor"""",""""navn"""":""""Fitjar""""}]"""
"3446,Kommune,172876,,20191220110348,4.1,,false,,http://skjema.geonorge.no/SOSI/produktspesifikasjon/AdmEnheter/4.1,""[{""""rekkefolge"""":"""""""",""""sprak"""":""""nor"""",""""navn"""":""""Gran""""}]"""
"5403,Kommune,172881,,20191220110348,4.1,,false,,http://skjema.geonorge.no/SOSI/produktspesifikasjon/AdmEnheter/4.1,""[{""""rekkefolge"""":"""""""",""""sprak"""":""""nor"""",""""navn"""":""""Alta""""}]"""
"5417,Kommune,172882,,20191220110348,4.1,,false,,http://skjema.geonorge.no/SOSI/produktspesifikasjon/AdmEnheter/4.1,""[{""""rekkefolge"""":"""""""",""""sprak"""":""""nor"""",""""navn"""":""""Salangen""""}]"""
"1838,Kommune,172883,,20191220110348,4.1,,false,,http://skjema.geonorge.no/SOSI/produktspesifikasjon/AdmEnheter/4.1,""[{""""rekkefolge"""":"""""""",""""sprak"""":""""nor"""",""""navn"""":""""Gildeskål""""}]"""
"5419,Kommune,172886,,20191220110348,4.1,,false,,http://skjema.geonorge.no/SOSI/produktspesifikasjon/AdmEnheter/4.1,""[{""""rekkefolge"""":"""""""",""""sprak"""":""""nor"""",""""navn"""":""""Sørreisa""""}]"""
"4614,Kommune,172850,,20191220110347,4.1,,false,,http://skjema.geonorge.no/SOSI/produktspesifikasjon/AdmEnheter/4.1,""[{""""rekkefolge"""":"""""""",""""sprak"""":""""nor"""",""""navn"""":""""Stord""""}]"""
"3416,Kommune,172851,20030701000000,20191220110347,4.1,,false,,http://skjema.geonorge.no/SOSI/produktspesifikasjon/AdmEnheter/4.1,""[{""""rekkefolge"""":"""""""",""""sprak"""":""""nor"""",""""navn"""":""""Eidskog""""}]"""
"1525,Kommune,172854,,20191220110347,4.1,,false,,http://skjema.geonorge.no/SOSI/produktspesifikasjon/AdmEnheter/4.1,""[{""""rekkefolge"""":"""""""",""""sprak"""":""""nor"""",""""navn"""":""""Stranda""""}]"""
"1539,Kommune,172862,,20191220110347,4.1,,false,,http://skjema.geonorge.no/SOSI/produktspesifikasjon/AdmEnheter/4.1,""[{""""rekkefolge"""":"""""""",""""sprak"""":""""nor"""",""""navn"""":""""Rauma""""}]"""
"5418,Kommune,172866,,20191220110347,4.1,,false,,http://skjema.geonorge.no/SOSI/produktspesifikasjon/AdmEnheter/4.1,""[{""""rekkefolge"""":"""""""",""""sprak"""":""""nor"""",""""navn"""":""""Målselv""""}]"""
"5416,Kommune,172867,,20191220110347,4.1,,false,,http://skjema.geonorge.no/SOSI/produktspesifikasjon/AdmEnheter/4.1,""[{""""rekkefolge"""":"""""""",""""sprak"""":""""nor"""",""""navn"""":""""Bardu""""}]"""
"1832,Kommune,172873,,20191220110347,4.1,,false,,http://skjema.geonorge.no/SOSI/produktspesifikasjon/AdmEnheter/4.1,""[{""""rekkefolge"""":"""""""",""""sprak"""":""""nor"""",""""navn"""":""""Hemnes""""}]"""
"1820,Kommune,172890,,20191220110348,4.1,,false,,http://skjema.geonorge.no/SOSI/produktspesifikasjon/AdmEnheter/4.1,""[{""""rekkefolge"""":"""""""",""""sprak"""":""""nor"""",""""navn"""":""""Alstahaug""""}]"""
"1816,Kommune,172891,,20191220110348,4.1,,false,,http://skjema.geonorge.no/SOSI/produktspesifikasjon/AdmEnheter/4.1,""[{""""rekkefolge"""":"""""""",""""sprak"""":""""nor"""",""""navn"""":""""Vevelstad""""}]"""
"4212,Kommune,172892,,20191220110348,4.1,,false,,http://skjema.geonorge.no/SOSI/produktspesifikasjon/AdmEnheter/4.1,""[{""""rekkefolge"""":"""""""",""""sprak"""":""""nor"""",""""navn"""":""""Vegårshei""""}]"""
"1560,Kommune,172899,,20191220110348,4.1,,false,,http://skjema.geonorge.no/SOSI/produktspesifikasjon/AdmEnheter/4.1,""[{""""rekkefolge"""":"""""""",""""sprak"""":""""nor"""",""""navn"""":""""Tingvoll""""}]"""
"4634,Kommune,172900,,20191220110348,4.1,,false,,http://skjema.geonorge.no/SOSI/produktspesifikasjon/AdmEnheter/4.1,""[{""""rekkefolge"""":"""""""",""""sprak"""":""""nor"""",""""navn"""":""""Masfjorden""""}]"""
"3822,Kommune,172903,20000630000000,20191220110348,4.1,,false,,http://skjema.geonorge.no/SOSI/produktspesifikasjon/AdmEnheter/4.1,""[{""""rekkefolge"""":"""""""",""""sprak"""":""""nor"""",""""navn"""":""""Nissedal""""}]"""
"3004,Kommune,172905,,20191220110348,4.1,,false,,http://skjema.geonorge.no/SOSI/produktspesifikasjon/AdmEnheter/4.1,""[{""""rekkefolge"""":"""""""",""""sprak"""":""""nor"""",""""navn"""":""""Fredrikstad""""}]"""
"4211,Kommune,172908,,20191220110348,4.1,,false,,http://skjema.geonorge.no/SOSI/produktspesifikasjon/AdmEnheter/4.1,""[{""""rekkefolge"""":"""""""",""""sprak"""":""""nor"""",""""navn"""":""""Gjerstad""""}]"""
"5037,Kommune,172912,,20191220110348,4.1,,false,,http://skjema.geonorge.no/SOSI/produktspesifikasjon/AdmEnheter/4.1,""[{""""rekkefolge"""":"""""""",""""sprak"""":""""nor"""",""""navn"""":""""Levanger""""}]"""
"3015,Kommune,172914,,20191220110348,4.1,,false,,http://skjema.geonorge.no/SOSI/produktspesifikasjon/AdmEnheter/4.1,""[{""""rekkefolge"""":"""""""",""""sprak"""":""""nor"""",""""navn"""":""""Skiptvet""""}]"""
"1144,Kommune,173096,,20191220110353,4.1,,false,,http://skjema.geonorge.no/SOSI/produktspesifikasjon/AdmEnheter/4.1,""[{""""rekkefolge"""":"""""""",""""sprak"""":""""nor"""",""""navn"""":""""Kvitsøy""""}]"""
"1112,Kommune,173099,,20191220110353,4.1,,false,,http://skjema.geonorge.no/SOSI/produktspesifikasjon/AdmEnheter/4.1,""[{""""rekkefolge"""":"""""""",""""sprak"""":""""nor"""",""""navn"""":""""Lund""""}]"""
"1135,Kommune,173104,,20191220110353,4.1,,false,,http://skjema.geonorge.no/SOSI/produktspesifikasjon/AdmEnheter/4.1,""[{""""rekkefolge"""":"""""""",""""sprak"""":""""nor"""",""""navn"""":""""Sauda""""}]"""
"1134,Kommune,173105,,20191220110353,4.1,,false,,http://skjema.geonorge.no/SOSI/produktspesifikasjon/AdmEnheter/4.1,""[{""""rekkefolge"""":"""""""",""""sprak"""":""""nor"""",""""navn"""":""""Suldal""""}]"""
"1851,Kommune,172893,,20191220110353,4.1,,false,,http://skjema.geonorge.no/SOSI/produktspesifikasjon/AdmEnheter/4.1,""[{""""rekkefolge"""":"""""""",""""sprak"""":""""nor"""",""""navn"""":""""Lødingen""""}]"""
"3811,Kommune,172919172988,,20191220110348,4.1,,false,,http://skjema.geonorge.no/SOSI/produktspesifikasjon/AdmEnheter/4.1,""[{""""rekkefolge"""":"""""""",""""sprak"""":""""nor"""",""""navn"""":""""Færder""""}]"""
"5411,Kommune,172921,,20191220110348,4.1,,false,,http://skjema.geonorge.no/SOSI/produktspesifikasjon/AdmEnheter/4.1,""[{""""rekkefolge"""":"""""""",""""sprak"""":""""nor"""",""""navn"""":""""Kvæfjord""""}]"""
"5047,Kommune,172925,,20191220110348,4.1,,false,,http://skjema.geonorge.no/SOSI/produktspesifikasjon/AdmEnheter/4.1,""[{""""rekkefolge"""":"""""""",""""sprak"""":""""nor"""",""""navn"""":""""Overhalla""""}]"""
"5044,Kommune,172929,,20191220110349,4.1,,false,,http://skjema.geonorge.no/SOSI/produktspesifikasjon/AdmEnheter/4.1,""[{""""rekkefolge"""":"""""""",""""sprak"""":""""nor"""",""""navn"""":""""Namsskogan""""}]"""
"4223,Kommune,172934,,20191220110349,4.1,,false,,http://skjema.geonorge.no/SOSI/produktspesifikasjon/AdmEnheter/4.1,""[{""""rekkefolge"""":"""""""",""""sprak"""":""""nor"""",""""navn"""":""""Vennesla""""}]"""
"3425,Kommune,172935,,20191220110349,4.1,,false,,http://skjema.geonorge.no/SOSI/produktspesifikasjon/AdmEnheter/4.1,""[{""""rekkefolge"""":"""""""",""""sprak"""":""""nor"""",""""navn"""":""""Engerdal""""}]"""
"3806,Kommune,172940,20000630000000,20191220110349,4.1,,false,,http://skjema.geonorge.no/SOSI/produktspesifikasjon/AdmEnheter/4.1,""[{""""rekkefolge"""":"""""""",""""sprak"""":""""nor"""",""""navn"""":""""Porsgrunn""""}]"""
"3036,Kommune,172944,,20191220110349,4.1,,false,,http://skjema.geonorge.no/SOSI/produktspesifikasjon/AdmEnheter/4.1,""[{""""rekkefolge"""":"""""""",""""sprak"""":""""nor"""",""""navn"""":""""Nannestad""""}]"""
"4623,Kommune,172945,,20191220110349,4.1,,false,,http://skjema.geonorge.no/SOSI/produktspesifikasjon/AdmEnheter/4.1,""[{""""rekkefolge"""":"""""""",""""sprak"""":""""nor"""",""""navn"""":""""Samnanger""""}]"""
"4619,Kommune,172946,,20191220110349,4.1,,false,,http://skjema.geonorge.no/SOSI/produktspesifikasjon/AdmEnheter/4.1,""[{""""rekkefolge"""":"""""""",""""sprak"""":""""nor"""",""""navn"""":""""Eidfjord""""}]"""
"1528,Kommune,172948,,20191220110349,4.1,,false,,http://skjema.geonorge.no/SOSI/produktspesifikasjon/AdmEnheter/4.1,""[{""""rekkefolge"""":"""""""",""""sprak"""":""""nor"""",""""navn"""":""""Sykkylven""""}]"""
"3031,Kommune,172957,,20191220110349,4.1,,false,,http://skjema.geonorge.no/SOSI/produktspesifikasjon/AdmEnheter/4.1,""[{""""rekkefolge"""":"""""""",""""sprak"""":""""nor"""",""""navn"""":""""Nittedal""""}]"""
"4224,Kommune,172962,,20191220110350,4.1,,false,,http://skjema.geonorge.no/SOSI/produktspesifikasjon/AdmEnheter/4.1,""[{""""rekkefolge"""":"""""""",""""sprak"""":""""nor"""",""""navn"""":""""Åseral""""}]"""
"1554,Kommune,172981,,20191220110350,4.1,,false,,http://skjema.geonorge.no/SOSI/produktspesifikasjon/AdmEnheter/4.1,""[{""""rekkefolge"""":"""""""",""""sprak"""":""""nor"""",""""navn"""":""""Averøy""""}]"""
"3012,Kommune,172991,,20191220110350,4.1,,false,,http://skjema.geonorge.no/SOSI/produktspesifikasjon/AdmEnheter/4.1,""[{""""rekkefolge"""":"""""""",""""sprak"""":""""nor"""",""""navn"""":""""Aremark""""}]"""
"1840,Kommune,172872,,20191220110353,4.1,,false,,http://skjema.geonorge.no/SOSI/produktspesifikasjon/AdmEnheter/4.1,""[{""""rekkefolge"""":"""""""",""""sprak"""":""""nor"""",""""navn"""":""""Saltdal""""}]"""
"4650,Kommune,172753,,20191220110353,4.1,,false,,http://skjema.geonorge.no/SOSI/produktspesifikasjon/AdmEnheter/4.1,""[{""""rekkefolge"""":"""""""",""""sprak"""":""""nor"""",""""navn"""":""""Gloppen""""}]"""
"4601,Kommune,172778,20000630000000,20191220110353,4.1,,false,,http://skjema.geonorge.no/SOSI/produktspesifikasjon/AdmEnheter/4.1,""[{""""rekkefolge"""":"""""""",""""sprak"""":""""nor"""",""""navn"""":""""Bergen""""}]"""
"4617,Kommune,173092,,20191220110353,4.1,,false,,http://skjema.geonorge.no/SOSI/produktspesifikasjon/AdmEnheter/4.1,""[{""""rekkefolge"""":"""""""",""""sprak"""":""""nor"""",""""navn"""":""""Kvinnherad""""}]"""
"1133,Kommune,173088,,20191220110353,4.1,,false,,http://skjema.geonorge.no/SOSI/produktspesifikasjon/AdmEnheter/4.1,""[{""""rekkefolge"""":"""""""",""""sprak"""":""""nor"""",""""navn"""":""""Hjelmeland""""}]"""
"1532,Kommune,172994,,20191220110350,4.1,,false,,http://skjema.geonorge.no/SOSI/produktspesifikasjon/AdmEnheter/4.1,""[{""""rekkefolge"""":"""""""",""""sprak"""":""""nor"""",""""navn"""":""""Giske""""}]"""
"3454,Kommune,172996,,20191220110350,4.1,,false,,http://skjema.geonorge.no/SOSI/produktspesifikasjon/AdmEnheter/4.1,""[{""""rekkefolge"""":"""""""",""""sprak"""":""""nor"""",""""navn"""":""""Vang""""}]"""
"3013,Kommune,172998,,20191220110350,4.1,,false,,http://skjema.geonorge.no/SOSI/produktspesifikasjon/AdmEnheter/4.1,""[{""""rekkefolge"""":"""""""",""""sprak"""":""""nor"""",""""navn"""":""""Marker""""}]"""
"5045,Kommune,172999,,20191220110350,4.1,,false,,http://skjema.geonorge.no/SOSI/produktspesifikasjon/AdmEnheter/4.1,""[{""""rekkefolge"""":"""""""",""""sprak"""":""""nor"""",""""navn"""":""""Grong""""}]"""
"4643,Kommune,173001,,20191220110350,4.1,,false,,http://skjema.geonorge.no/SOSI/produktspesifikasjon/AdmEnheter/4.1,""[{""""rekkefolge"""":"""""""",""""sprak"""":""""nor"""",""""navn"""":""""Årdal""""}]"""
"3450,Kommune,173002,,20191220110350,4.1,,false,,http://skjema.geonorge.no/SOSI/produktspesifikasjon/AdmEnheter/4.1,""[{""""rekkefolge"""":"""""""",""""sprak"""":""""nor"""",""""navn"""":""""Etnedal""""}]"""
"5433,Kommune,173015,,20191220110350,4.1,,false,,http://skjema.geonorge.no/SOSI/produktspesifikasjon/AdmEnheter/4.1,""[{""""rekkefolge"""":"""""""",""""sprak"""":""""nor"""",""""navn"""":""""Hasvik""""}]"""
"1874,Kommune,173026,,20191220110350,4.1,,false,,http://skjema.geonorge.no/SOSI/produktspesifikasjon/AdmEnheter/4.1,""[{""""rekkefolge"""":"""""""",""""sprak"""":""""nor"""",""""navn"""":""""Moskenes""""}]"""
"5422,Kommune,173029,,20191220110350,4.1,,false,,http://skjema.geonorge.no/SOSI/produktspesifikasjon/AdmEnheter/4.1,""[{""""rekkefolge"""":"""""""",""""sprak"""":""""nor"""",""""navn"""":""""Balsfjord""""}]"""
"3449,Kommune,173033,,20191220110351,4.1,,false,,http://skjema.geonorge.no/SOSI/produktspesifikasjon/AdmEnheter/4.1,""[{""""rekkefolge"""":"""""""",""""sprak"""":""""nor"""",""""navn"""":""""Sør-Aurdal""""}]"""
"3016,Kommune,173034,,20191220110351,4.1,,false,,http://skjema.geonorge.no/SOSI/produktspesifikasjon/AdmEnheter/4.1,""[{""""rekkefolge"""":"""""""",""""sprak"""":""""nor"""",""""navn"""":""""Rakkestad""""}]"""
"4226,Kommune,173039,,20191220110351,4.1,,false,,http://skjema.geonorge.no/SOSI/produktspesifikasjon/AdmEnheter/4.1,""[{""""rekkefolge"""":"""""""",""""sprak"""":""""nor"""",""""navn"""":""""Hægebostad""""}]"""
"3415,Kommune,173046,,20191220110351,4.1,,false,,http://skjema.geonorge.no/SOSI/produktspesifikasjon/AdmEnheter/4.1,""[{""""rekkefolge"""":"""""""",""""sprak"""":""""nor"""",""""navn"""":""""Sør-Odal""""}]"""
"3401,Kommune,173049,20030701000000,20191220110352,4.1,,false,,http://skjema.geonorge.no/SOSI/produktspesifikasjon/AdmEnheter/4.1,""[{""""rekkefolge"""":"""""""",""""sprak"""":""""nor"""",""""navn"""":""""Kongsvinger""""}]"""
"5440,Kommune,173052,,20191220110352,4.1,,false,,http://skjema.geonorge.no/SOSI/produktspesifikasjon/AdmEnheter/4.1,""[{""""rekkefolge"""":"""""""",""""sprak"""":""""nor"""",""""navn"""":""""Berlevåg""""}]"""
"3053,Kommune,173054,,20191220110352,4.1,,false,,http://skjema.geonorge.no/SOSI/produktspesifikasjon/AdmEnheter/4.1,""[{""""rekkefolge"""":"""""""",""""sprak"""":""""nor"""",""""navn"""":""""Jevnaker""""}]"""
"4627,Kommune,173057,,20191220110352,4.1,,false,,http://skjema.geonorge.no/SOSI/produktspesifikasjon/AdmEnheter/4.1,""[{""""rekkefolge"""":"""""""",""""sprak"""":""""nor"""",""""navn"""":""""Askøy""""}]"""
"4221,Kommune,172795,,20191220110353,4.1,,false,,http://skjema.geonorge.no/SOSI/produktspesifikasjon/AdmEnheter/4.1,""[{""""rekkefolge"""":"""""""",""""sprak"""":""""nor"""",""""navn"""":""""Valle""""}]"""
"3818,Kommune,172786,20000630000000,20191220110353,4.1,,false,,http://skjema.geonorge.no/SOSI/produktspesifikasjon/AdmEnheter/4.1,""[{""""rekkefolge"""":"""""""",""""sprak"""":""""nor"""",""""navn"""":""""Tinn""""}]"""
"3819,Kommune,172898,20000630000000,20191220110353,4.1,,false,,http://skjema.geonorge.no/SOSI/produktspesifikasjon/AdmEnheter/4.1,""[{""""rekkefolge"""":"""""""",""""sprak"""":""""nor"""",""""navn"""":""""Hjartdal""""}]"""
"3453,Kommune,172694,,20191220110354,4.1,,false,,http://skjema.geonorge.no/SOSI/produktspesifikasjon/AdmEnheter/4.1,""[{""""rekkefolge"""":"""""""",""""sprak"""":""""nor"""",""""navn"""":""""Øystre Slidre""""}]"""
"3451,Kommune,173047,,20191220110354,4.1,,false,,http://skjema.geonorge.no/SOSI/produktspesifikasjon/AdmEnheter/4.1,""[{""""rekkefolge"""":"""""""",""""sprak"""":""""nor"""",""""navn"""":""""Nord-Aurdal""""}]"""
"3033,Kommune,172719,,20191220110354,4.1,,false,,http://skjema.geonorge.no/SOSI/produktspesifikasjon/AdmEnheter/4.1,""[{""""rekkefolge"""":"""""""",""""sprak"""":""""nor"""",""""navn"""":""""Ullensaker""""}]"""
"3417,Kommune,172728,,20191220110354,4.1,,false,,http://skjema.geonorge.no/SOSI/produktspesifikasjon/AdmEnheter/4.1,""[{""""rekkefolge"""":"""""""",""""sprak"""":""""nor"""",""""navn"""":""""Grue""""}]"""
"3003,Kommune,172917,,20191220110355,4.1,,false,,http://skjema.geonorge.no/SOSI/produktspesifikasjon/AdmEnheter/4.1,""[{""""rekkefolge"""":"""""""",""""sprak"""":""""nor"""",""""navn"""":""""Sarpsborg""""}]"""
"3051,Kommune,172784,20000630000000,20191220110355,4.1,,false,,http://skjema.geonorge.no/SOSI/produktspesifikasjon/AdmEnheter/4.1,""[{""""rekkefolge"""":"""""""",""""sprak"""":""""nor"""",""""navn"""":""""Rollag""""}]"""
"3045,Kommune,172983,20000630000000,20191220110355,4.1,,false,,http://skjema.geonorge.no/SOSI/produktspesifikasjon/AdmEnheter/4.1,""[{""""rekkefolge"""":"""""""",""""sprak"""":""""nor"""",""""navn"""":""""Sigdal""""}]"""
"3038,Kommune,172798,20000630000000,20191220110355,4.1,,false,,http://skjema.geonorge.no/SOSI/produktspesifikasjon/AdmEnheter/4.1,""[{""""rekkefolge"""":"""""""",""""sprak"""":""""nor"""",""""navn"""":""""Hole""""}]"""
"0301,Kommune,173018,,20191220110355,4.1,,false,,http://skjema.geonorge.no/SOSI/produktspesifikasjon/AdmEnheter/4.1,""[{""""rekkefolge"""":"""""""",""""sprak"""":""""nor"""",""""navn"""":""""Oslo""""}]"""
"3024,Kommune,173017,,20191220110356,4.1,,false,,http://skjema.geonorge.no/SOSI/produktspesifikasjon/AdmEnheter/4.1,""[{""""rekkefolge"""":"""""""",""""sprak"""":""""nor"""",""""navn"""":""""Bærum""""}]"""
"5424,Kommune,173061,,20191220110352,4.1,,false,,http://skjema.geonorge.no/SOSI/produktspesifikasjon/AdmEnheter/4.1,""[{""""rekkefolge"""":"""""""",""""sprak"""":""""nor"""",""""navn"""":""""Lyngen""""}]"""
"3432,Kommune,173066,,20191220110352,4.1,,false,,http://skjema.geonorge.no/SOSI/produktspesifikasjon/AdmEnheter/4.1,""[{""""rekkefolge"""":"""""""",""""sprak"""":""""nor"""",""""navn"""":""""Lesja""""}]"""
"5001,Kommune,173068173004,20190304000000,20191220110352,4.1,,false,,http://skjema.geonorge.no/SOSI/produktspesifikasjon/AdmEnheter/4.1,""[{""""rekkefolge"""":"""""""",""""sprak"""":""""nor"""",""""navn"""":""""Trondheim""""}]"""
"5031,Kommune,173069,,20191220110352,4.1,,false,,http://skjema.geonorge.no/SOSI/produktspesifikasjon/AdmEnheter/4.1,""[{""""rekkefolge"""":"""""""",""""sprak"""":""""nor"""",""""navn"""":""""Malvik""""}]"""
"1121,Kommune,173072,,20191220110352,4.1,,false,,http://skjema.geonorge.no/SOSI/produktspesifikasjon/AdmEnheter/4.1,""[{""""rekkefolge"""":"""""""",""""sprak"""":""""nor"""",""""navn"""":""""Time""""}]"""
"1145,Kommune,173074,,20191220110352,4.1,,false,,http://skjema.geonorge.no/SOSI/produktspesifikasjon/AdmEnheter/4.1,""[{""""rekkefolge"""":"""""""",""""sprak"""":""""nor"""",""""navn"""":""""Bokn""""}]"""
"1146,Kommune,173079,,20191220110352,4.1,,false,,http://skjema.geonorge.no/SOSI/produktspesifikasjon/AdmEnheter/4.1,""[{""""rekkefolge"""":"""""""",""""sprak"""":""""nor"""",""""navn"""":""""Tysvær""""}]"""
"4222,Kommune,173082,,20191220110352,4.1,,false,,http://skjema.geonorge.no/SOSI/produktspesifikasjon/AdmEnheter/4.1,""[{""""rekkefolge"""":"""""""",""""sprak"""":""""nor"""",""""navn"""":""""Bykle""""}]"""
"4612,Kommune,173085,,20191220110352,4.1,,false,,http://skjema.geonorge.no/SOSI/produktspesifikasjon/AdmEnheter/4.1,""[{""""rekkefolge"""":"""""""",""""sprak"""":""""nor"""",""""navn"""":""""Sveio""""}]"""
"4228,Kommune,173086,,20191220110353,4.1,,false,,http://skjema.geonorge.no/SOSI/produktspesifikasjon/AdmEnheter/4.1,""[{""""rekkefolge"""":"""""""",""""sprak"""":""""nor"""",""""navn"""":""""Sirdal""""}]"""
"1111,Kommune,173093,,20191220110353,4.1,,false,,http://skjema.geonorge.no/SOSI/produktspesifikasjon/AdmEnheter/4.1,""[{""""rekkefolge"""":"""""""",""""sprak"""":""""nor"""",""""navn"""":""""Sokndal""""}]"""
"3048,Kommune,173022,20000630000000,20191220110356,4.1,,false,,http://skjema.geonorge.no/SOSI/produktspesifikasjon/AdmEnheter/4.1,""[{""""rekkefolge"""":"""""""",""""sprak"""":""""nor"""",""""navn"""":""""Øvre Eiker""""}]"""
"3023,Kommune,172724,20050614000000,20191220110356,4.1,,false,,http://skjema.geonorge.no/SOSI/produktspesifikasjon/AdmEnheter/4.1,""[{""""rekkefolge"""":"""""""",""""sprak"""":""""nor"""",""""navn"""":""""Nesodden""""}]"""
"1853,Kommune,172802,,20191220110356,4.1,,false,,http://skjema.geonorge.no/SOSI/produktspesifikasjon/AdmEnheter/4.1,""[{""""rekkefolge"""":"""""""",""""sprak"""":""""nor"""",""""navn"""":""""Evenes""""}]"""
"1517,Kommune,172689,,20191220110356,4.1,,false,,http://skjema.geonorge.no/SOSI/produktspesifikasjon/AdmEnheter/4.1,""[{""""rekkefolge"""":"""""""",""""sprak"""":""""nor"""",""""navn"""":""""Hareid""""}]"""
"1130,Kommune,173076,,20191220110356,4.1,,false,,http://skjema.geonorge.no/SOSI/produktspesifikasjon/AdmEnheter/4.1,""[{""""rekkefolge"""":"""""""",""""sprak"""":""""nor"""",""""navn"""":""""Strand""""}]"""
"3414,Kommune,172954,,20191220110357,4.1,,false,,http://skjema.geonorge.no/SOSI/produktspesifikasjon/AdmEnheter/4.1,""[{""""rekkefolge"""":"""""""",""""sprak"""":""""nor"""",""""navn"""":""""Nord-Odal""""}]"""
"1818,Kommune,172973,,20191220110357,4.1,,false,,http://skjema.geonorge.no/SOSI/produktspesifikasjon/AdmEnheter/4.1,""[{""""rekkefolge"""":"""""""",""""sprak"""":""""nor"""",""""navn"""":""""Herøy""""}]"""
"3424,Kommune,172941,,20191220110404,4.1,,false,,http://skjema.geonorge.no/SOSI/produktspesifikasjon/AdmEnheter/4.1,""[{""""rekkefolge"""":"""""""",""""sprak"""":""""nor"""",""""navn"""":""""Rendalen""""}]"""
"5439,Kommune,173019,,20191220110357,4.1,,false,,http://skjema.geonorge.no/SOSI/produktspesifikasjon/AdmEnheter/4.1,""[{""""rekkefolge"""":"""""""",""""sprak"""":""""nor"""",""""navn"""":""""Gamvik""""}]"""
"1815,Kommune,172974,,20191220110357,4.1,,false,,http://skjema.geonorge.no/SOSI/produktspesifikasjon/AdmEnheter/4.1,""[{""""rekkefolge"""":"""""""",""""sprak"""":""""nor"""",""""navn"""":""""Vega""""}]"""
"1813,Kommune,172833,,20191220110357,4.1,,false,,http://skjema.geonorge.no/SOSI/produktspesifikasjon/AdmEnheter/4.1,""[{""""rekkefolge"""":"""""""",""""sprak"""":""""nor"""",""""navn"""":""""Brønnøy""""}]"""
"1812,Kommune,172976,,20191220110357,4.1,,false,,http://skjema.geonorge.no/SOSI/produktspesifikasjon/AdmEnheter/4.1,""[{""""rekkefolge"""":"""""""",""""sprak"""":""""nor"""",""""navn"""":""""Sømna""""}]"""
"5052,Kommune,172993,,20191220110357,4.1,,false,,http://skjema.geonorge.no/SOSI/produktspesifikasjon/AdmEnheter/4.1,""[{""""rekkefolge"""":"""""""",""""sprak"""":""""nor"""",""""navn"""":""""Leka""""}]"""
"5049,Kommune,173048,,20191220110357,4.1,,false,,http://skjema.geonorge.no/SOSI/produktspesifikasjon/AdmEnheter/4.1,""[{""""rekkefolge"""":"""""""",""""sprak"""":""""nor"""",""""navn"""":""""Flatanger""""}]"""
"1511,Kommune,172949,,20191220110404,4.1,,false,,http://skjema.geonorge.no/SOSI/produktspesifikasjon/AdmEnheter/4.1,""[{""""rekkefolge"""":"""""""",""""sprak"""":""""nor"""",""""navn"""":""""Vanylven""""}]"""
"5429,Kommune,172960,,20191220110404,4.1,,false,,http://skjema.geonorge.no/SOSI/produktspesifikasjon/AdmEnheter/4.1,""[{""""rekkefolge"""":"""""""",""""sprak"""":""""nor"""",""""navn"""":""""Kvænangen""""}]"""
"1868,Kommune,172977,,20191220110404,4.1,,false,,http://skjema.geonorge.no/SOSI/produktspesifikasjon/AdmEnheter/4.1,""[{""""rekkefolge"""":"""""""",""""sprak"""":""""nor"""",""""navn"""":""""Øksnes""""}]"""
"3002,Kommune,172985172791,20190222000000,20191220110404,4.1,,false,,http://skjema.geonorge.no/SOSI/produktspesifikasjon/AdmEnheter/4.1,""[{""""rekkefolge"""":"""""""",""""sprak"""":""""nor"""",""""navn"""":""""Moss""""}]"""
"3021,Kommune,173003,,20191220110405,4.1,,false,,http://skjema.geonorge.no/SOSI/produktspesifikasjon/AdmEnheter/4.1,""[{""""rekkefolge"""":"""""""",""""sprak"""":""""nor"""",""""navn"""":""""Ås""""}]"""
"3452,Kommune,173038,,20191220110405,4.1,,false,,http://skjema.geonorge.no/SOSI/produktspesifikasjon/AdmEnheter/4.1,""[{""""rekkefolge"""":"""""""",""""sprak"""":""""nor"""",""""navn"""":""""Vestre Slidre""""}]"""
"3431,Kommune,173067,,20191220110405,4.1,,false,,http://skjema.geonorge.no/SOSI/produktspesifikasjon/AdmEnheter/4.1,""[{""""rekkefolge"""":"""""""",""""sprak"""":""""nor"""",""""navn"""":""""Dovre""""}]"""
"1122,Kommune,173071,,20191220110405,4.1,,false,,http://skjema.geonorge.no/SOSI/produktspesifikasjon/AdmEnheter/4.1,""[{""""rekkefolge"""":"""""""",""""sprak"""":""""nor"""",""""navn"""":""""Gjesdal""""}]"""
"3825,Kommune,173081,20000630000000,20191220110405,4.1,,false,,http://skjema.geonorge.no/SOSI/produktspesifikasjon/AdmEnheter/4.1,""[{""""rekkefolge"""":"""""""",""""sprak"""":""""nor"""",""""navn"""":""""Vinje""""}]"""
"5427,Kommune,172920,,20191220110357,4.1,,false,,http://skjema.geonorge.no/SOSI/produktspesifikasjon/AdmEnheter/4.1,""[{""""rekkefolge"""":"""""""",""""sprak"""":""""nor"""",""""navn"""":""""Skjervøy""""}]"""
"1867,Kommune,172970,,20191220110357,4.1,,false,,http://skjema.geonorge.no/SOSI/produktspesifikasjon/AdmEnheter/4.1,""[{""""rekkefolge"""":"""""""",""""sprak"""":""""nor"""",""""navn"""":""""Bø""""}]"""
"1860,Kommune,173027,,20191220110357,4.1,,false,,http://skjema.geonorge.no/SOSI/produktspesifikasjon/AdmEnheter/4.1,""[{""""rekkefolge"""":"""""""",""""sprak"""":""""nor"""",""""navn"""":""""Vestvågøy""""}]"""
"1859,Kommune,173028,,20191220110357,4.1,,false,,http://skjema.geonorge.no/SOSI/produktspesifikasjon/AdmEnheter/4.1,""[{""""rekkefolge"""":"""""""",""""sprak"""":""""nor"""",""""navn"""":""""Flakstad""""}]"""
"1856,Kommune,172972,,20191220110357,4.1,,false,,http://skjema.geonorge.no/SOSI/produktspesifikasjon/AdmEnheter/4.1,""[{""""rekkefolge"""":"""""""",""""sprak"""":""""nor"""",""""navn"""":""""Røst""""}]"""
"1835,Kommune,172969,,20191220110357,4.1,,false,,http://skjema.geonorge.no/SOSI/produktspesifikasjon/AdmEnheter/4.1,""[{""""rekkefolge"""":"""""""",""""sprak"""":""""nor"""",""""navn"""":""""Træna""""}]"""
"1535,Kommune,172740,,20191220110401,4.1,,false,,http://skjema.geonorge.no/SOSI/produktspesifikasjon/AdmEnheter/4.1,""[{""""rekkefolge"""":"""""""",""""sprak"""":""""nor"""",""""navn"""":""""Vestnes""""}]"""
"5014,Kommune,172982,,20191220110357,4.1,,false,,http://skjema.geonorge.no/SOSI/produktspesifikasjon/AdmEnheter/4.1,""[{""""rekkefolge"""":"""""""",""""sprak"""":""""nor"""",""""navn"""":""""Frøya""""}]"""
"1573,Kommune,172980,,20191220110357,4.1,,false,,http://skjema.geonorge.no/SOSI/produktspesifikasjon/AdmEnheter/4.1,""[{""""rekkefolge"""":"""""""",""""sprak"""":""""nor"""",""""navn"""":""""Smøla""""}]"""
"1515,Kommune,173013,,20191220110357,4.1,,false,,http://skjema.geonorge.no/SOSI/produktspesifikasjon/AdmEnheter/4.1,""[{""""rekkefolge"""":"""""""",""""sprak"""":""""nor"""",""""navn"""":""""Herøy""""}]"""
"3816,Kommune,172783,20000630000000,20191220110401,4.1,,false,,http://skjema.geonorge.no/SOSI/produktspesifikasjon/AdmEnheter/4.1,""[{""""rekkefolge"""":"""""""",""""sprak"""":""""nor"""",""""navn"""":""""Nome""""}]"""
"4214,Kommune,172787,,20191220110401,4.1,,false,,http://skjema.geonorge.no/SOSI/produktspesifikasjon/AdmEnheter/4.1,""[{""""rekkefolge"""":"""""""",""""sprak"""":""""nor"""",""""navn"""":""""Froland""""}]"""
"4217,Kommune,172788,,20191220110401,4.1,,false,,http://skjema.geonorge.no/SOSI/produktspesifikasjon/AdmEnheter/4.1,""[{""""rekkefolge"""":"""""""",""""sprak"""":""""nor"""",""""navn"""":""""Åmli""""}]"""
"3824,Kommune,172796,20000630000000,20191220110402,4.1,,false,,http://skjema.geonorge.no/SOSI/produktspesifikasjon/AdmEnheter/4.1,""[{""""rekkefolge"""":"""""""",""""sprak"""":""""nor"""",""""navn"""":""""Tokke""""}]"""
"3428,Kommune,172814,,20191220110402,4.1,,false,,http://skjema.geonorge.no/SOSI/produktspesifikasjon/AdmEnheter/4.1,""[{""""rekkefolge"""":"""""""",""""sprak"""":""""nor"""",""""navn"""":""""Alvdal""""}]"""
"3427,Kommune,172815,,20191220110402,4.1,,false,,http://skjema.geonorge.no/SOSI/produktspesifikasjon/AdmEnheter/4.1,""[{""""rekkefolge"""":"""""""",""""sprak"""":""""nor"""",""""navn"""":""""Tynset""""}]"""
"1514,Kommune,173012,,20191220110357,4.1,,false,,http://skjema.geonorge.no/SOSI/produktspesifikasjon/AdmEnheter/4.1,""[{""""rekkefolge"""":"""""""",""""sprak"""":""""nor"""",""""navn"""":""""Sande""""}]"""
"4626,Kommune,173058172813172927,20190301000000,20191220110357,4.1,,false,,http://skjema.geonorge.no/SOSI/produktspesifikasjon/AdmEnheter/4.1,""[{""""rekkefolge"""":"""""""",""""sprak"""":""""nor"""",""""navn"""":""""Øygarden""""}]"""
"1124,Kommune,173097,,20191220110357,4.1,,false,,http://skjema.geonorge.no/SOSI/produktspesifikasjon/AdmEnheter/4.1,""[{""""rekkefolge"""":"""""""",""""sprak"""":""""nor"""",""""navn"""":""""Sola""""}]"""
"1120,Kommune,173073,,20191220110357,4.1,,false,,http://skjema.geonorge.no/SOSI/produktspesifikasjon/AdmEnheter/4.1,""[{""""rekkefolge"""":"""""""",""""sprak"""":""""nor"""",""""navn"""":""""Klepp""""}]"""
"3011,Kommune,172777,,20191220110357,4.1,,false,,http://skjema.geonorge.no/SOSI/produktspesifikasjon/AdmEnheter/4.1,""[{""""rekkefolge"""":"""""""",""""sprak"""":""""nor"""",""""navn"""":""""Hvaler""""}]"""
"3807,Kommune,172828,20000630000000,20191220110402,4.1,,false,,http://skjema.geonorge.no/SOSI/produktspesifikasjon/AdmEnheter/4.1,""[{""""rekkefolge"""":"""""""",""""sprak"""":""""nor"""",""""navn"""":""""Skien""""}]"""
"1825,Kommune,172830,,20191220110402,4.1,,false,,http://skjema.geonorge.no/SOSI/produktspesifikasjon/AdmEnheter/4.1,""[{""""rekkefolge"""":"""""""",""""sprak"""":""""nor"""",""""navn"""":""""Grane""""}]"""
"3437,Kommune,172841,,20191220110402,4.1,,false,,http://skjema.geonorge.no/SOSI/produktspesifikasjon/AdmEnheter/4.1,""[{""""rekkefolge"""":"""""""",""""sprak"""":""""nor"""",""""navn"""":""""Sel""""}]"""
"5414,Kommune,172884,,20191220110402,4.1,,false,,http://skjema.geonorge.no/SOSI/produktspesifikasjon/AdmEnheter/4.1,""[{""""rekkefolge"""":"""""""",""""sprak"""":""""nor"""",""""navn"""":""""Gratangen""""}]"""
"3448,Kommune,172888,,20191220110403,4.1,,false,,http://skjema.geonorge.no/SOSI/produktspesifikasjon/AdmEnheter/4.1,""[{""""rekkefolge"""":"""""""",""""sprak"""":""""nor"""",""""navn"""":""""Nordre Land""""}]"""
"4637,Kommune,172897,,20191220110403,4.1,,false,,http://skjema.geonorge.no/SOSI/produktspesifikasjon/AdmEnheter/4.1,""[{""""rekkefolge"""":"""""""",""""sprak"""":""""nor"""",""""navn"""":""""Hyllestad""""}]"""
"3821,Kommune,172904,20000630000000,20191220110403,4.1,,false,,http://skjema.geonorge.no/SOSI/produktspesifikasjon/AdmEnheter/4.1,""[{""""rekkefolge"""":"""""""",""""sprak"""":""""nor"""",""""navn"""":""""Kviteseid""""}]"""
"3815,Kommune,172907,20000630000000,20191220110403,4.1,,false,,http://skjema.geonorge.no/SOSI/produktspesifikasjon/AdmEnheter/4.1,""[{""""rekkefolge"""":"""""""",""""sprak"""":""""nor"""",""""navn"""":""""Drangedal""""}]"""
"3042,Kommune,172909,20000630000000,20191220110403,4.1,,false,,http://skjema.geonorge.no/SOSI/produktspesifikasjon/AdmEnheter/4.1,""[{""""rekkefolge"""":"""""""",""""sprak"""":""""nor"""",""""navn"""":""""Hemsedal""""}]"""
"3447,Kommune,172918,,20191220110403,4.1,,false,,http://skjema.geonorge.no/SOSI/produktspesifikasjon/AdmEnheter/4.1,""[{""""rekkefolge"""":"""""""",""""sprak"""":""""nor"""",""""navn"""":""""Søndre Land""""}]"""
"4611,Kommune,173084,,20191220110405,4.1,,false,,http://skjema.geonorge.no/SOSI/produktspesifikasjon/AdmEnheter/4.1,""[{""""rekkefolge"""":"""""""",""""sprak"""":""""nor"""",""""navn"""":""""Etne""""}]"""
"1160,Kommune,173087,20060101000000,20191220110405,4.1,,false,,http://skjema.geonorge.no/SOSI/produktspesifikasjon/AdmEnheter/4.1,""[{""""rekkefolge"""":"""""""",""""sprak"""":""""nor"""",""""navn"""":""""Vindafjord""""}]"""
"5043,Kommune,172818,,20191220110357,4.1,,,,http://skjema.geonorge.no/SOSI/produktspesifikasjon/AdmEnheter/4.1,""[{""""rekkefolge"""":""""2"""",""""sprak"""":""""nor"""",""""navn"""":""""Røyrvik""""},{""""rekkefolge"""":""""1"""",""""sprak"""":""""sma"""",""""navn"""":""""Raarvihke""""}]"""
"5430,Kommune,172959,,20191220110357,4.1,,,,http://skjema.geonorge.no/SOSI/produktspesifikasjon/AdmEnheter/4.1,""[{""""rekkefolge"""":""""2"""",""""sprak"""":""""nor"""",""""navn"""":""""Kautokeino""""},{""""rekkefolge"""":""""1"""",""""sprak"""":""""sme"""",""""navn"""":""""Guovdageaidnu""""}]"""
"5437,Kommune,172958,,20191220110357,4.1,,,,http://skjema.geonorge.no/SOSI/produktspesifikasjon/AdmEnheter/4.1,""[{""""rekkefolge"""":""""2"""",""""sprak"""":""""nor"""",""""navn"""":""""Karasjok""""},{""""rekkefolge"""":""""1"""",""""sprak"""":""""sme"""",""""navn"""":""""Kárášjohka""""}]"""
"5442,Kommune,172922,,20191220110357,4.1,,,,http://skjema.geonorge.no/SOSI/produktspesifikasjon/AdmEnheter/4.1,""[{""""rekkefolge"""":""""2"""",""""sprak"""":""""nor"""",""""navn"""":""""Nesseby""""},{""""rekkefolge"""":""""1"""",""""sprak"""":""""sme"""",""""navn"""":""""Unjárga""""}]"""
"1114,Kommune,173101,,20191220110406,4.1,,false,,http://skjema.geonorge.no/SOSI/produktspesifikasjon/AdmEnheter/4.1,""[{""""rekkefolge"""":"""""""",""""sprak"""":""""nor"""",""""navn"""":""""Bjerkreim""""}]"""
"5436,Kommune,172956,,20191220110357,4.1,,,,http://skjema.geonorge.no/SOSI/produktspesifikasjon/AdmEnheter/4.1,""[{""""rekkefolge"""":""""1"""",""""sprak"""":""""nor"""",""""navn"""":""""Porsanger""""},{""""rekkefolge"""":""""3"""",""""sprak"""":""""fkv"""",""""navn"""":""""Porsanki""""},{""""rekkefolge"""":""""2"""",""""sprak"""":""""sme"""",""""navn"""":""""Porsáŋgu""""}]"""
"5415,Kommune,172885,,20191220110357,4.1,,,,http://skjema.geonorge.no/SOSI/produktspesifikasjon/AdmEnheter/4.1,""[{""""rekkefolge"""":""""2"""",""""sprak"""":""""nor"""",""""navn"""":""""Lavangen""""},{""""rekkefolge"""":""""1"""",""""sprak"""":""""sme"""",""""navn"""":""""Loabák""""}]"""
"5425,Kommune,172950,,20191220110357,4.1,,false,,http://skjema.geonorge.no/SOSI/produktspesifikasjon/AdmEnheter/4.1,""[{""""rekkefolge"""":""""1"""",""""sprak"""":""""nor"""",""""navn"""":""""Storfjord""""},{""""rekkefolge"""":""""3"""",""""sprak"""":""""fkv"""",""""navn"""":""""Omasvuono""""},{""""rekkefolge"""":""""2"""",""""sprak"""":""""sme"""",""""navn"""":""""Omasvuotna""""}]"""
"1875,Kommune,172869172952,,20191220110358,4.1,,false,,http://skjema.geonorge.no/SOSI/produktspesifikasjon/AdmEnheter/4.1,""[{""""rekkefolge"""":""""1"""",""""sprak"""":""""nor"""",""""navn"""":""""Hamarøy""""},{""""rekkefolge"""":""""2"""",""""sprak"""":""""smj"""",""""navn"""":""""Hábmer""""}]"""
"5041,Kommune,172822,,20191220110358,4.1,,,,http://skjema.geonorge.no/SOSI/produktspesifikasjon/AdmEnheter/4.1,""[{""""rekkefolge"""":""""2"""",""""sprak"""":""""nor"""",""""navn"""":""""Snåsa""""},{""""rekkefolge"""":""""1"""",""""sprak"""":""""sma"""",""""navn"""":""""Snåase""""}]"""
"1841,Kommune,172871,20170103000000,20191220110358,4.1,,false,,http://skjema.geonorge.no/SOSI/produktspesifikasjon/AdmEnheter/4.1,""[{""""rekkefolge"""":""""1"""",""""sprak"""":""""nor"""",""""navn"""":""""Fauske""""},{""""rekkefolge"""":""""2"""",""""sprak"""":""""smj"""",""""navn"""":""""Fuossko""""}]"""
"3804,Kommune,172901,20170103000000,20191220110358,4.1,,false,,http://skjema.geonorge.no/SOSI/produktspesifikasjon/AdmEnheter/4.1,""[{""""rekkefolge"""":"""""""",""""sprak"""":""""nor"""",""""navn"""":""""Sandefjord""""}]"""
"5402,Kommune,172807,,20191220110358,4.1,,false,,http://skjema.geonorge.no/SOSI/produktspesifikasjon/AdmEnheter/4.1,""[{""""rekkefolge"""":""""1"""",""""sprak"""":""""nor"""",""""navn"""":""""Harstad""""},{""""rekkefolge"""":""""2"""",""""sprak"""":""""sme"""",""""navn"""":""""Hárstták""""}]"""
"5022,Kommune,172825,,20191220110358,4.1,,false,,http://skjema.geonorge.no/SOSI/produktspesifikasjon/AdmEnheter/4.1,""[{""""rekkefolge"""":"""""""",""""sprak"""":""""nor"""",""""navn"""":""""Rennebu""""}]"""
"5033,Kommune,172709,,20191220110358,4.1,,false,,http://skjema.geonorge.no/SOSI/produktspesifikasjon/AdmEnheter/4.1,""[{""""rekkefolge"""":"""""""",""""sprak"""":""""nor"""",""""navn"""":""""Tydal""""}]"""
"1576,Kommune,172710,20060101000000,20191220110358,4.1,,false,,http://skjema.geonorge.no/SOSI/produktspesifikasjon/AdmEnheter/4.1,""[{""""rekkefolge"""":"""""""",""""sprak"""":""""nor"""",""""navn"""":""""Aure""""}]"""
"5038,Kommune,172737,,20191220110358,4.1,,false,,http://skjema.geonorge.no/SOSI/produktspesifikasjon/AdmEnheter/4.1,""[{""""rekkefolge"""":"""""""",""""sprak"""":""""nor"""",""""navn"""":""""Verdal""""}]"""
"5053,Kommune,172742,,20191220110358,4.1,,false,,http://skjema.geonorge.no/SOSI/produktspesifikasjon/AdmEnheter/4.1,""[{""""rekkefolge"""":"""""""",""""sprak"""":""""nor"""",""""navn"""":""""Inderøy""""}]"""
"4220,Kommune,172766,,20191220110406,4.1,,false,,http://skjema.geonorge.no/SOSI/produktspesifikasjon/AdmEnheter/4.1,""[{""""rekkefolge"""":"""""""",""""sprak"""":""""nor"""",""""navn"""":""""Bygland""""}]"""
"4227,Kommune,172702,,20191220110406,4.1,,false,,http://skjema.geonorge.no/SOSI/produktspesifikasjon/AdmEnheter/4.1,""[{""""rekkefolge"""":"""""""",""""sprak"""":""""nor"""",""""navn"""":""""Kvinesdal""""}]"""
"3405,Kommune,172910,,20191220110406,4.1,,false,,http://skjema.geonorge.no/SOSI/produktspesifikasjon/AdmEnheter/4.1,""[{""""rekkefolge"""":"""""""",""""sprak"""":""""nor"""",""""navn"""":""""Lillehammer""""}]"""
"3411,Kommune,172701,,20191220110406,4.1,,false,,http://skjema.geonorge.no/SOSI/produktspesifikasjon/AdmEnheter/4.1,""[{""""rekkefolge"""":"""""""",""""sprak"""":""""nor"""",""""navn"""":""""Ringsaker""""}]"""
"3403,Kommune,172779,,20191220110406,4.1,,false,,http://skjema.geonorge.no/SOSI/produktspesifikasjon/AdmEnheter/4.1,""[{""""rekkefolge"""":"""""""",""""sprak"""":""""nor"""",""""navn"""":""""Hamar""""}]"""
"5034,Kommune,172821,,20191220110358,4.1,,false,,http://skjema.geonorge.no/SOSI/produktspesifikasjon/AdmEnheter/4.1,""[{""""rekkefolge"""":"""""""",""""sprak"""":""""nor"""",""""navn"""":""""Meråker""""}]"""
"5032,Kommune,172852,,20191220110358,4.1,,false,,http://skjema.geonorge.no/SOSI/produktspesifikasjon/AdmEnheter/4.1,""[{""""rekkefolge"""":"""""""",""""sprak"""":""""nor"""",""""navn"""":""""Selbu""""}]"""
"5025,Kommune,172853,,20191220110358,4.1,,,,http://skjema.geonorge.no/SOSI/produktspesifikasjon/AdmEnheter/4.1,""[{""""rekkefolge"""":"""""""",""""sprak"""":""""nor"""",""""navn"""":""""Røros""""}]"""
"1563,Kommune,172858,,20191220110358,4.1,,false,,http://skjema.geonorge.no/SOSI/produktspesifikasjon/AdmEnheter/4.1,""[{""""rekkefolge"""":"""""""",""""sprak"""":""""nor"""",""""navn"""":""""Sunndal""""}]"""
"5054,Kommune,172878172800,,20191220110358,4.1,,false,,http://skjema.geonorge.no/SOSI/produktspesifikasjon/AdmEnheter/4.1,""[{""""rekkefolge"""":"""""""",""""sprak"""":""""nor"""",""""navn"""":""""Indre Fosen""""}]"""
"5021,Kommune,172879,,20191220110358,4.1,,false,,http://skjema.geonorge.no/SOSI/produktspesifikasjon/AdmEnheter/4.1,""[{""""rekkefolge"""":"""""""",""""sprak"""":""""nor"""",""""navn"""":""""Oppdal""""}]"""
"5027,Kommune,172924,,20191220110359,4.1,,false,,http://skjema.geonorge.no/SOSI/produktspesifikasjon/AdmEnheter/4.1,""[{""""rekkefolge"""":"""""""",""""sprak"""":""""nor"""",""""navn"""":""""Midtre Gauldal""""}]"""
"5026,Kommune,172947,,20191220110359,4.1,,false,,http://skjema.geonorge.no/SOSI/produktspesifikasjon/AdmEnheter/4.1,""[{""""rekkefolge"""":"""""""",""""sprak"""":""""nor"""",""""navn"""":""""Holtålen""""}]"""
"5058,Kommune,173020173005,20190304000000,20191220110359,4.1,,false,,http://skjema.geonorge.no/SOSI/produktspesifikasjon/AdmEnheter/4.1,""[{""""rekkefolge"""":"""""""",""""sprak"""":""""nor"""",""""navn"""":""""Åfjord""""}]"""
"1566,Kommune,173063,,20191220110359,4.1,,false,,http://skjema.geonorge.no/SOSI/produktspesifikasjon/AdmEnheter/4.1,""[{""""rekkefolge"""":"""""""",""""sprak"""":""""nor"""",""""navn"""":""""Surnadal""""}]"""
"5061,Kommune,173065,,20191220110359,4.1,,false,,http://skjema.geonorge.no/SOSI/produktspesifikasjon/AdmEnheter/4.1,""[{""""rekkefolge"""":"""""""",""""sprak"""":""""nor"""",""""navn"""":""""Rindal""""}]"""
"5020,Kommune,173007,,20191220110359,4.1,,false,,http://skjema.geonorge.no/SOSI/produktspesifikasjon/AdmEnheter/4.1,""[{""""rekkefolge"""":"""""""",""""sprak"""":""""nor"""",""""navn"""":""""Osen""""}]"""
"4632,Kommune,172928,,20191220110403,4.1,,false,,http://skjema.geonorge.no/SOSI/produktspesifikasjon/AdmEnheter/4.1,""[{""""rekkefolge"""":"""""""",""""sprak"""":""""nor"""",""""navn"""":""""Austrheim""""}]"""
"5438,Kommune,172716,,20191220110359,4.1,,false,,http://skjema.geonorge.no/SOSI/produktspesifikasjon/AdmEnheter/4.1,""[{""""rekkefolge"""":"""""""",""""sprak"""":""""nor"""",""""navn"""":""""Lebesby""""}]"""
"1836,Kommune,172963,,20191220110359,4.1,,false,,http://skjema.geonorge.no/SOSI/produktspesifikasjon/AdmEnheter/4.1,""[{""""rekkefolge"""":"""""""",""""sprak"""":""""nor"""",""""navn"""":""""Rødøy""""}]"""
"1119,Kommune,173077,,20191220110359,4.1,,false,,http://skjema.geonorge.no/SOSI/produktspesifikasjon/AdmEnheter/4.1,""[{""""rekkefolge"""":"""""""",""""sprak"""":""""nor"""",""""navn"""":""""Hå""""}]"""
"3027,Kommune,172674,,20191220110359,4.1,,false,,http://skjema.geonorge.no/SOSI/produktspesifikasjon/AdmEnheter/4.1,""[{""""rekkefolge"""":"""""""",""""sprak"""":""""nor"""",""""navn"""":""""Rælingen""""}]"""
"3041,Kommune,172691,20000630000000,20191220110359,4.1,,false,,http://skjema.geonorge.no/SOSI/produktspesifikasjon/AdmEnheter/4.1,""[{""""rekkefolge"""":"""""""",""""sprak"""":""""nor"""",""""navn"""":""""Gol""""}]"""
"4631,Kommune,172697172696172805,20190301000000,20191220110359,4.1,,false,,http://skjema.geonorge.no/SOSI/produktspesifikasjon/AdmEnheter/4.1,""[{""""rekkefolge"""":"""""""",""""sprak"""":""""nor"""",""""navn"""":""""Alver""""}]"""
"3426,Kommune,172698,,20191220110400,4.1,,false,,http://skjema.geonorge.no/SOSI/produktspesifikasjon/AdmEnheter/4.1,""[{""""rekkefolge"""":"""""""",""""sprak"""":""""nor"""",""""navn"""":""""Tolga""""}]"""
"3006,Kommune,172705,20000630000000,20191220110400,4.1,,false,,http://skjema.geonorge.no/SOSI/produktspesifikasjon/AdmEnheter/4.1,""[{""""rekkefolge"""":"""""""",""""sprak"""":""""nor"""",""""navn"""":""""Kongsberg""""}]"""
"3050,Kommune,172706,20000630000000,20191220110400,4.1,,false,,http://skjema.geonorge.no/SOSI/produktspesifikasjon/AdmEnheter/4.1,""[{""""rekkefolge"""":"""""""",""""sprak"""":""""nor"""",""""navn"""":""""Flesberg""""}]"""
"3422,Kommune,172707,,20191220110400,4.1,,false,,http://skjema.geonorge.no/SOSI/produktspesifikasjon/AdmEnheter/4.1,""[{""""rekkefolge"""":"""""""",""""sprak"""":""""nor"""",""""navn"""":""""Åmot""""}]"""
"3439,Kommune,172711,,20191220110400,4.1,,false,,http://skjema.geonorge.no/SOSI/produktspesifikasjon/AdmEnheter/4.1,""[{""""rekkefolge"""":"""""""",""""sprak"""":""""nor"""",""""navn"""":""""Ringebu""""}]"""
"3423,Kommune,172712,,20191220110401,4.1,,false,,http://skjema.geonorge.no/SOSI/produktspesifikasjon/AdmEnheter/4.1,""[{""""rekkefolge"""":"""""""",""""sprak"""":""""nor"""",""""navn"""":""""Stor-Elvdal""""}]"""
"3029,Kommune,172725,,20191220110401,4.1,,false,,http://skjema.geonorge.no/SOSI/produktspesifikasjon/AdmEnheter/4.1,""[{""""rekkefolge"""":"""""""",""""sprak"""":""""nor"""",""""navn"""":""""Lørenskog""""}]"""
"1866,Kommune,172730,,20191220110401,4.1,,false,,http://skjema.geonorge.no/SOSI/produktspesifikasjon/AdmEnheter/4.1,""[{""""rekkefolge"""":"""""""",""""sprak"""":""""nor"""",""""navn"""":""""Hadsel""""}]"""
"3443,Kommune,173045,,20191220110407,4.1,,false,,http://skjema.geonorge.no/SOSI/produktspesifikasjon/AdmEnheter/4.1,""[{""""rekkefolge"""":"""""""",""""sprak"""":""""nor"""",""""navn"""":""""Vestre Toten""""}]"""
"3442,Kommune,173044,,20191220110407,4.1,,false,,http://skjema.geonorge.no/SOSI/produktspesifikasjon/AdmEnheter/4.1,""[{""""rekkefolge"""":"""""""",""""sprak"""":""""nor"""",""""navn"""":""""Østre Toten""""}]"""
"3035,Kommune,173050,,20191220110407,4.1,,false,,http://skjema.geonorge.no/SOSI/produktspesifikasjon/AdmEnheter/4.1,""[{""""rekkefolge"""":"""""""",""""sprak"""":""""nor"""",""""navn"""":""""Eidsvoll""""}]"""
"3034,Kommune,172713,,20191220110408,4.1,,false,,http://skjema.geonorge.no/SOSI/produktspesifikasjon/AdmEnheter/4.1,""[{""""rekkefolge"""":"""""""",""""sprak"""":""""nor"""",""""navn"""":""""Nes""""}]"""
"3413,Kommune,172714,,20191220110408,4.1,,false,,http://skjema.geonorge.no/SOSI/produktspesifikasjon/AdmEnheter/4.1,""[{""""rekkefolge"""":"""""""",""""sprak"""":""""nor"""",""""navn"""":""""Stange""""}]"""
"3419,Kommune,172700,,20191220110409,4.1,,false,,http://skjema.geonorge.no/SOSI/produktspesifikasjon/AdmEnheter/4.1,""[{""""rekkefolge"""":"""""""",""""sprak"""":""""nor"""",""""navn"""":""""Våler""""}]"""
"3418,Kommune,172877,,20191220110409,4.1,,false,,http://skjema.geonorge.no/SOSI/produktspesifikasjon/AdmEnheter/4.1,""[{""""rekkefolge"""":"""""""",""""sprak"""":""""nor"""",""""navn"""":""""Åsnes""""}]"""
"3017,Kommune,172799,,20191220110409,4.1,,false,,http://skjema.geonorge.no/SOSI/produktspesifikasjon/AdmEnheter/4.1,""[{""""rekkefolge"""":"""""""",""""sprak"""":""""nor"""",""""navn"""":""""Råde""""}]"""
"3046,Kommune,172916,20000630000000,20191220110409,4.1,,false,,http://skjema.geonorge.no/SOSI/produktspesifikasjon/AdmEnheter/4.1,""[{""""rekkefolge"""":"""""""",""""sprak"""":""""nor"""",""""navn"""":""""Krødsherad""""}]"""
"3047,Kommune,172704,20000630000000,20191220110410,4.1,,false,,http://skjema.geonorge.no/SOSI/produktspesifikasjon/AdmEnheter/4.1,""[{""""rekkefolge"""":"""""""",""""sprak"""":""""nor"""",""""navn"""":""""Modum""""}]"""
"3007,Kommune,173055,20000630000000,20191220110410,4.1,,false,,http://skjema.geonorge.no/SOSI/produktspesifikasjon/AdmEnheter/4.1,""[{""""rekkefolge"""":"""""""",""""sprak"""":""""nor"""",""""navn"""":""""Ringerike""""}]"""
"3049,Kommune,172751,20000630000000,20191220110410,4.1,,false,,http://skjema.geonorge.no/SOSI/produktspesifikasjon/AdmEnheter/4.1,""[{""""rekkefolge"""":"""""""",""""sprak"""":""""nor"""",""""navn"""":""""Lier""""}]"""
"3022,Kommune,172844,,20191220110411,4.1,,false,,http://skjema.geonorge.no/SOSI/produktspesifikasjon/AdmEnheter/4.1,""[{""""rekkefolge"""":"""""""",""""sprak"""":""""nor"""",""""navn"""":""""Frogn""""}]"""
"1557,Kommune,172855,,20191220110411,4.1,,false,,http://skjema.geonorge.no/SOSI/produktspesifikasjon/AdmEnheter/4.1,""[{""""rekkefolge"""":"""""""",""""sprak"""":""""nor"""",""""navn"""":""""Gjemnes""""}]"""
"1579,Kommune,173009173008,20190304000000,20191220110411,4.1,,false,,http://skjema.geonorge.no/SOSI/produktspesifikasjon/AdmEnheter/4.1,""[{""""rekkefolge"""":"""""""",""""sprak"""":""""nor"""",""""navn"""":""""Hustadvika""""}]"""
"4206,Kommune,172817,,20191220110411,4.1,,false,,http://skjema.geonorge.no/SOSI/produktspesifikasjon/AdmEnheter/4.1,""[{""""rekkefolge"""":"""""""",""""sprak"""":""""nor"""",""""navn"""":""""Farsund""""}]"""
"5441,Kommune,172717,,20191220110411,4.1,,,,http://skjema.geonorge.no/SOSI/produktspesifikasjon/AdmEnheter/4.1,""[{""""rekkefolge"""":""""2"""",""""sprak"""":""""nor"""",""""navn"""":""""Tana""""},{""""rekkefolge"""":""""1"""",""""sprak"""":""""sme"""",""""navn"""":""""Deatnu""""}]"""
"3026,Kommune,172720172823,20190225000000,20191220110411,4.1,,false,,http://skjema.geonorge.no/SOSI/produktspesifikasjon/AdmEnheter/4.1,""[{""""rekkefolge"""":"""""""",""""sprak"""":""""nor"""",""""navn"""":""""Aurskog-Høland""""}]"""
"5426,Kommune,172923,20170103000000,20191220110411,4.1,,,,http://skjema.geonorge.no/SOSI/produktspesifikasjon/AdmEnheter/4.1,""[{""""rekkefolge"""":""""1"""",""""sprak"""":""""sme"""",""""navn"""":""""Gáivuotna""""},{""""rekkefolge"""":""""3"""",""""sprak"""":""""fkv"""",""""navn"""":""""Kaivuono""""},{""""rekkefolge"""":""""2"""",""""sprak"""":""""nor"""",""""navn"""":""""Kåfjord""""}]"""
"3804,Kommune,173036,20170103000000,20191220110411,4.1,,false,,http://skjema.geonorge.no/SOSI/produktspesifikasjon/AdmEnheter/4.1,""[{""""rekkefolge"""":"""""""",""""sprak"""":""""nor"""",""""navn"""":""""Sandefjord""""}]"""
"1870,Kommune,172894,,20191220110412,4.1,,false,,http://skjema.geonorge.no/SOSI/produktspesifikasjon/AdmEnheter/4.1,""[{""""rekkefolge"""":""""1"""",""""sprak"""":""""nor"""",""""navn"""":""""Sortland""""},{""""rekkefolge"""":""""2"""",""""sprak"""":""""sme"""",""""navn"""":""""Suortá""""}]"""
"5428,Kommune,172955,,20191220110412,4.1,,false,,http://skjema.geonorge.no/SOSI/produktspesifikasjon/AdmEnheter/4.1,""[{""""rekkefolge"""":""""1"""",""""sprak"""":""""nor"""",""""navn"""":""""Nordreisa""""},{""""rekkefolge"""":""""3"""",""""sprak"""":""""fkv"""",""""navn"""":""""Raisi""""},{""""rekkefolge"""":""""2"""",""""sprak"""":""""sme"""",""""navn"""":""""Ráisa""""}]"""
"4651,Kommune,172864,,20191220110412,4.1,,false,,http://skjema.geonorge.no/SOSI/produktspesifikasjon/AdmEnheter/4.1,""[{""""rekkefolge"""":"""""""",""""sprak"""":""""nor"""",""""navn"""":""""Stryn""""}]"""
"4219,Kommune,172932,,20191220110412,4.1,,false,,http://skjema.geonorge.no/SOSI/produktspesifikasjon/AdmEnheter/4.1,""[{""""rekkefolge"""":"""""""",""""sprak"""":""""nor"""",""""navn"""":""""Evje og Hornnes""""}]"""
"4216,Kommune,172933,,20191220110412,4.1,,false,,http://skjema.geonorge.no/SOSI/produktspesifikasjon/AdmEnheter/4.1,""[{""""rekkefolge"""":"""""""",""""sprak"""":""""nor"""",""""navn"""":""""Birkenes""""}]"""
"4645,Kommune,172965,,20191220110412,4.1,,false,,http://skjema.geonorge.no/SOSI/produktspesifikasjon/AdmEnheter/4.1,""[{""""rekkefolge"""":"""""""",""""sprak"""":""""nor"""",""""navn"""":""""Askvoll""""}]"""
"4636,Kommune,173021,,20191220110412,4.1,,false,,http://skjema.geonorge.no/SOSI/produktspesifikasjon/AdmEnheter/4.1,""[{""""rekkefolge"""":"""""""",""""sprak"""":""""nor"""",""""navn"""":""""Solund""""}]"""
"4215,Kommune,173042,,20191220110412,4.1,,false,,http://skjema.geonorge.no/SOSI/produktspesifikasjon/AdmEnheter/4.1,""[{""""rekkefolge"""":"""""""",""""sprak"""":""""nor"""",""""navn"""":""""Lillesand""""}]"""
"4202,Kommune,173030,,20191220110412,4.1,,false,,http://skjema.geonorge.no/SOSI/produktspesifikasjon/AdmEnheter/4.1,""[{""""rekkefolge"""":"""""""",""""sprak"""":""""nor"""",""""navn"""":""""Grimstad""""}]"""
"4203,Kommune,172984,,20191220110412,4.1,,false,,http://skjema.geonorge.no/SOSI/produktspesifikasjon/AdmEnheter/4.1,""[{""""rekkefolge"""":"""""""",""""sprak"""":""""nor"""",""""navn"""":""""Arendal""""}]"""
"4213,Kommune,173035,,20191220110412,4.1,,false,,http://skjema.geonorge.no/SOSI/produktspesifikasjon/AdmEnheter/4.1,""[{""""rekkefolge"""":"""""""",""""sprak"""":""""nor"""",""""navn"""":""""Tvedestrand""""}]"""
"4648,Kommune,173025,,20191220110412,4.1,,false,,http://skjema.geonorge.no/SOSI/produktspesifikasjon/AdmEnheter/4.1,""[{""""rekkefolge"""":"""""""",""""sprak"""":""""nor"""",""""navn"""":""""Bremanger""""}]"""
"4201,Kommune,172804,,20191220110413,4.1,,false,,http://skjema.geonorge.no/SOSI/produktspesifikasjon/AdmEnheter/4.1,""[{""""rekkefolge"""":"""""""",""""sprak"""":""""nor"""",""""navn"""":""""Risør""""}]"""
"5444,Kommune,173056,,20191220110413,4.1,,false,,http://skjema.geonorge.no/SOSI/produktspesifikasjon/AdmEnheter/4.1,""[{""""rekkefolge"""":"""""""",""""sprak"""":""""nor"""",""""navn"""":""""Sør-Varanger""""}]"""
"3037,Kommune,172794,,20191220110413,4.1,,false,,http://skjema.geonorge.no/SOSI/produktspesifikasjon/AdmEnheter/4.1,""[{""""rekkefolge"""":"""""""",""""sprak"""":""""nor"""",""""navn"""":""""Hurdal""""}]"""
"3005,Kommune,172679172943172680,20190222000000,20191220110413,4.1,,false,,http://skjema.geonorge.no/SOSI/produktspesifikasjon/AdmEnheter/4.1,""[{""""rekkefolge"""":"""""""",""""sprak"""":""""nor"""",""""navn"""":""""Drammen""""}]"""
"3020,Kommune,173060173059,20190222000000,20191220110413,4.1,,false,,http://skjema.geonorge.no/SOSI/produktspesifikasjon/AdmEnheter/4.1,""[{""""rekkefolge"""":"""""""",""""sprak"""":""""nor"""",""""navn"""":""""Nordre Follo""""}]"""
"3014,Kommune,172793172790172913172915173031,20190222000000,20191220110414,4.1,,false,,http://skjema.geonorge.no/SOSI/produktspesifikasjon/AdmEnheter/4.1,""[{""""rekkefolge"""":"""""""",""""sprak"""":""""nor"""",""""navn"""":""""Indre Østfold""""}]"""
"3025,Kommune,172764173000172686,20190225000000,20191220110414,4.1,,false,,http://skjema.geonorge.no/SOSI/produktspesifikasjon/AdmEnheter/4.1,""[{""""rekkefolge"""":"""""""",""""sprak"""":""""nor"""",""""navn"""":""""Asker""""}]"""
"3030,Kommune,173006172843173016,20190301000000,20191220110414,4.1,,false,,http://skjema.geonorge.no/SOSI/produktspesifikasjon/AdmEnheter/4.1,""[{""""rekkefolge"""":"""""""",""""sprak"""":""""nor"""",""""navn"""":""""Lillestrøm""""}]"""
"3803,Kommune,172685172986,20190301000000,20191220110415,4.1,,false,,http://skjema.geonorge.no/SOSI/produktspesifikasjon/AdmEnheter/4.1,""[{""""rekkefolge"""":"""""""",""""sprak"""":""""nor"""",""""navn"""":""""Tønsberg""""}]"""
"4618,Kommune,173032172797173094,20190315000000,20191220110415,4.1,,false,,http://skjema.geonorge.no/SOSI/produktspesifikasjon/AdmEnheter/4.1,""[{""""rekkefolge"""":"""""""",""""sprak"""":""""nor"""",""""navn"""":""""Ullensvang""""}]"""
"4621,Kommune,172829172768,20190315000000,20191220110415,4.1,,false,,http://skjema.geonorge.no/SOSI/produktspesifikasjon/AdmEnheter/4.1,""[{""""rekkefolge"""":"""""""",""""sprak"""":""""nor"""",""""navn"""":""""Voss""""}]"""
"4624,Kommune,172772172845,20190301000000,20191220110415,4.1,,false,,http://skjema.geonorge.no/SOSI/produktspesifikasjon/AdmEnheter/4.1,""[{""""rekkefolge"""":"""""""",""""sprak"""":""""nor"""",""""navn"""":""""Bjørnafjorden""""}]"""
"4647,Kommune,172752172747172687172746,20190301000000,20191220110415,4.1,,false,,http://skjema.geonorge.no/SOSI/produktspesifikasjon/AdmEnheter/4.1,""[{""""rekkefolge"""":"""""""",""""sprak"""":""""nor"""",""""navn"""":""""Sunnfjord""""}]"""
"5006,Kommune,172931172989,20190304000000,20191220110415,4.1,,false,,http://skjema.geonorge.no/SOSI/produktspesifikasjon/AdmEnheter/4.1,""[{""""rekkefolge"""":"""""""",""""sprak"""":""""nor"""",""""navn"""":""""Steinkjer""""}]"""
"5007,Kommune,172812173037172811,20190304000000,20191220110416,4.1,,false,,http://skjema.geonorge.no/SOSI/produktspesifikasjon/AdmEnheter/4.1,""[{""""rekkefolge"""":"""""""",""""sprak"""":""""nor"""",""""navn"""":""""Namsos""""}]"""
"5057,Kommune,172846172849,20190304000000,20191220110416,4.1,,false,,http://skjema.geonorge.no/SOSI/produktspesifikasjon/AdmEnheter/4.1,""[{""""rekkefolge"""":"""""""",""""sprak"""":""""nor"""",""""navn"""":""""Ørland""""}]"""
"5412,Kommune,172887172690,20190304000000,20191220110416,4.1,,false,,http://skjema.geonorge.no/SOSI/produktspesifikasjon/AdmEnheter/4.1,""[{""""rekkefolge"""":"""""""",""""sprak"""":""""nor"""",""""navn"""":""""Tjeldsund""""}]"""
"1127,Kommune,173089,,20191220110416,4.1,,false,,http://skjema.geonorge.no/SOSI/produktspesifikasjon/AdmEnheter/4.1,""[{""""rekkefolge"""":"""""""",""""sprak"""":""""nor"""",""""navn"""":""""Randaberg""""}]"""
"1103,Kommune,173091173075173090,20190304000000,20191220110416,4.1,,false,,http://skjema.geonorge.no/SOSI/produktspesifikasjon/AdmEnheter/4.1,""[{""""rekkefolge"""":"""""""",""""sprak"""":""""nor"""",""""navn"""":""""Stavanger""""}]"""
"1108,Kommune,173083173078,20190304000000,20191220110416,4.1,,false,,http://skjema.geonorge.no/SOSI/produktspesifikasjon/AdmEnheter/4.1,""[{""""rekkefolge"""":"""""""",""""sprak"""":""""nor"""",""""navn"""":""""Sandnes""""}]"""
"1577,Kommune,172861172942,20190304000000,20191220110416,4.1,,false,,http://skjema.geonorge.no/SOSI/produktspesifikasjon/AdmEnheter/4.1,""[{""""rekkefolge"""":"""""""",""""sprak"""":""""nor"""",""""navn"""":""""Volda""""}]"""
"1506,Kommune,172865172757172856,20190304000000,20191220110416,4.1,,false,,http://skjema.geonorge.no/SOSI/produktspesifikasjon/AdmEnheter/4.1,""[{""""rekkefolge"""":"""""""",""""sprak"""":""""nor"""",""""navn"""":""""Molde""""}]"""
"1578,Kommune,172731172743,20190304000000,20191220110416,4.1,,false,,http://skjema.geonorge.no/SOSI/produktspesifikasjon/AdmEnheter/4.1,""[{""""rekkefolge"""":"""""""",""""sprak"""":""""nor"""",""""navn"""":""""Fjord""""}]"""
"1520,Kommune,172860,,20191220110416,4.1,,false,,http://skjema.geonorge.no/SOSI/produktspesifikasjon/AdmEnheter/4.1,""[{""""rekkefolge"""":"""""""",""""sprak"""":""""nor"""",""""navn"""":""""Ørsta""""}]"""
"5406,Kommune,172692172961,20190304000000,20191220110416,4.1,,false,,http://skjema.geonorge.no/SOSI/produktspesifikasjon/AdmEnheter/4.1,""[{""""rekkefolge"""":"""""""",""""sprak"""":""""nor"""",""""navn"""":""""Hammerfest""""}]"""
"4205,Kommune,172975173041173024,20190301000000,20191220110417,4.1,,false,,http://skjema.geonorge.no/SOSI/produktspesifikasjon/AdmEnheter/4.1,""[{""""rekkefolge"""":"""""""",""""sprak"""":""""nor"""",""""navn"""":""""Lindesnes""""}]"""
"5060,Kommune,172992172810,20190304000000,20191220110417,4.1,,false,,http://skjema.geonorge.no/SOSI/produktspesifikasjon/AdmEnheter/4.1,""[{""""rekkefolge"""":"""""""",""""sprak"""":""""nor"""",""""navn"""":""""Nærøysund""""}]"""
"4225,Kommune,172816173023,20190301000000,20191220110417,4.1,,false,,http://skjema.geonorge.no/SOSI/produktspesifikasjon/AdmEnheter/4.1,""[{""""rekkefolge"""":"""""""",""""sprak"""":""""nor"""",""""navn"""":""""Lyngdal""""}]"""
"4204,Kommune,173043172771173040,20190301000000,20191220110417,4.1,,false,,http://skjema.geonorge.no/SOSI/produktspesifikasjon/AdmEnheter/4.1,""[{""""rekkefolge"""":"""""""",""""sprak"""":""""nor"""",""""navn"""":""""Kristiansand""""}]"""
"4602,Kommune,172964172966,20190301000000,20191220110417,4.1,,false,,http://skjema.geonorge.no/SOSI/produktspesifikasjon/AdmEnheter/4.1,""[{""""rekkefolge"""":"""""""",""""sprak"""":""""nor"""",""""navn"""":""""Kinn""""}]"""
"4602,Kommune,172964172966,20190301000000,20191220110417,4.1,,false,,http://skjema.geonorge.no/SOSI/produktspesifikasjon/AdmEnheter/4.1,""[{""""rekkefolge"""":"""""""",""""sprak"""":""""nor"""",""""navn"""":""""Kinn""""}]"""
"1806,Kommune,172868172951172952,20190304000000,20191220110417,4.1,,false,,http://skjema.geonorge.no/SOSI/produktspesifikasjon/AdmEnheter/4.1,""[{""""rekkefolge"""":"""""""",""""sprak"""":""""nor"""",""""navn"""":""""Narvik""""}]"""
"1507,Kommune,172758172979173010172857172859,20190318000000,20191220110417,4.1,,false,,http://skjema.geonorge.no/SOSI/produktspesifikasjon/AdmEnheter/4.1,""[{""""rekkefolge"""":"""""""",""""sprak"""":""""nor"""",""""navn"""":""""Ålesund""""}]"""
"5059,Kommune,172820172739172831172939,20190304000000,20191220110418,4.1,,false,,http://skjema.geonorge.no/SOSI/produktspesifikasjon/AdmEnheter/4.1,""[{""""rekkefolge"""":"""""""",""""sprak"""":""""nor"""",""""navn"""":""""Orkland""""}]"""
"1547,Kommune,173011,20190318000000,20191220110418,4.1,,false,,http://skjema.geonorge.no/SOSI/produktspesifikasjon/AdmEnheter/4.1,""[{""""rekkefolge"""":"""""""",""""sprak"""":""""nor"""",""""navn"""":""""Aukra""""}]"""
"5055,Kommune,173064172847172939,20190304000000,20191220110418,4.1,,false,,http://skjema.geonorge.no/SOSI/produktspesifikasjon/AdmEnheter/4.1,""[{""""rekkefolge"""":"""""""",""""sprak"""":""""nor"""",""""navn"""":""""Heim""""}]"""
"3803,Kommune,ab9fbdde-9f36-4776-a226-1966e6b32055,,20191220110418,4.1,,false,,http://skjema.geonorge.no/SOSI/produktspesifikasjon/AdmEnheter/4.1,""[{""""rekkefolge"""":"""""""",""""sprak"""":""""nor"""",""""navn"""":""""Tønsberg""""}]"""
"5035,Kommune,173070,,20191220110418,4.1,,false,,http://skjema.geonorge.no/SOSI/produktspesifikasjon/AdmEnheter/4.1,""[{""""rekkefolge"""":"""""""",""""sprak"""":""""nor"""",""""navn"""":""""Stjørdal""""}]"""
"4649,Kommune,172863172769,20190301000000,20191220110418,4.1,,false,,http://skjema.geonorge.no/SOSI/produktspesifikasjon/AdmEnheter/4.1,""[{""""rekkefolge"""":"""""""",""""sprak"""":""""nor"""",""""navn"""":""""Stad""""}]"""
"4639,Kommune,172832,,20191220110418,4.1,,false,,http://skjema.geonorge.no/SOSI/produktspesifikasjon/AdmEnheter/4.1,""[{""""rekkefolge"""":"""""""",""""sprak"""":""""nor"""",""""navn"""":""""Vik""""}]"""
"4638,Kommune,172936,,20191220110418,4.1,,false,,http://skjema.geonorge.no/SOSI/produktspesifikasjon/AdmEnheter/4.1,""[{""""rekkefolge"""":"""""""",""""sprak"""":""""nor"""",""""navn"""":""""Høyanger""""}]"""
"3040,Kommune,172775,20000630000000,20191220110418,4.1,,false,,http://skjema.geonorge.no/SOSI/produktspesifikasjon/AdmEnheter/4.1,""[{""""rekkefolge"""":"""""""",""""sprak"""":""""nor"""",""""navn"""":""""Nesbyen""""}]"""
"3808,Kommune,172906,20000630000000,20191220110418,4.1,,false,,http://skjema.geonorge.no/SOSI/produktspesifikasjon/AdmEnheter/4.1,""[{""""rekkefolge"""":"""""""",""""sprak"""":""""nor"""",""""navn"""":""""Notodden""""}]"""
"3817,Kommune,172750172911,20190301000000,20191220110418,4.1,,false,,http://skjema.geonorge.no/SOSI/produktspesifikasjon/AdmEnheter/4.1,""[{""""rekkefolge"""":"""""""",""""sprak"""":""""nor"""",""""navn"""":""""Midt-Telemark""""}]"""
"1826,Kommune,172953,,20191220110424,4.1,,,,http://skjema.geonorge.no/SOSI/produktspesifikasjon/AdmEnheter/4.1,""[{""""rekkefolge"""":""""2"""",""""sprak"""":""""nor"""",""""navn"""":""""Hattfjelldal""""},{""""rekkefolge"""":""""1"""",""""sprak"""":""""sma"""",""""navn"""":""""Aarborte""""}]"""
"3802,Kommune,172902172762172767,20190301000000,20191220110425,4.1,,false,,http://skjema.geonorge.no/SOSI/produktspesifikasjon/AdmEnheter/4.1,""[{""""rekkefolge"""":"""""""",""""sprak"""":""""nor"""",""""navn"""":""""Holmestrand""""}]"""
"3801,Kommune,172801,,20191220110425,4.1,,false,,http://skjema.geonorge.no/SOSI/produktspesifikasjon/AdmEnheter/4.1,""[{""""rekkefolge"""":"""""""",""""sprak"""":""""nor"""",""""navn"""":""""Horten""""}]"""
